Ticker,Symbol,FullCode,Market
060310,3S,KR7060310000,KSQ
095570,AJ네트웍스,KR7095570008,STK
006840,AK홀딩스,KR7006840003,STK
054620,APS홀딩스,KR7054620000,KSQ
265520,AP시스템,KR7265520007,KSQ
211270,AP위성,KR7211270004,KSQ
027410,BGF,KR7027410000,STK
282330,BGF리테일,KR7282330000,STK
032790,BNGT,KR7032790008,KSQ
138930,BNK금융지주,KR7138930003,STK
001460,BYC,KR7001460005,STK
001465,BYC우,KR7001461003,STK
013720,CBI,KR7013720008,KSQ
001040,CJ,KR7001040005,STK
079160,CJ CGV,KR7079160008,STK
035760,CJ ENM,KR7035760008,KSQ
311690,CJ 바이오사이언스,KR7311690002,KSQ
00104K,CJ4우(전환),KR700104K010,STK
000120,CJ대한통운,KR7000120006,STK
011150,CJ씨푸드,KR7011150000,STK
011155,CJ씨푸드1우,KR7011151008,STK
001045,CJ우,KR7001041003,STK
097950,CJ제일제당,KR7097950000,STK
097955,CJ제일제당 우,KR7097951008,STK
051500,CJ프레시웨이,KR7051500007,KSQ
058820,CMG제약,KR7058820002,KSQ
023460,CNH,KR7023460009,KSQ
056730,CNT85,KR7056730005,KSQ
065770,CS,KR7065770000,KSQ
083660,CSA 코스믹,KR7083660001,KSQ
000590,CS홀딩스,KR7000590000,STK
012030,DB,KR7012030003,STK
404950,DB금융스팩10호,KR7404950008,KSQ
367340,DB금융스팩8호,KR7367340007,KSQ
367360,DB금융스팩9호,KR7367360005,KSQ
016610,DB금융투자,KR7016610008,STK
005830,DB손해보험,KR7005830005,STK
000990,DB하이텍,KR7000990002,STK
000995,DB하이텍1우,KR7000991000,STK
139130,DGB금융지주,KR7139130009,STK
001530,DI동일,KR7001530005,STK
000210,DL,KR7000210005,STK
001880,DL건설,KR7001880004,STK
000215,DL우,KR7000211003,STK
375500,DL이앤씨,KR7375500006,STK
37550L,DL이앤씨2우(전환),KR737550K029,STK
37550K,DL이앤씨우,KR737550K011,STK
068790,DMS,KR7068790005,KSQ
007340,DN오토모티브,KR7007340003,STK
004840,DRB동일,KR7004840005,STK
241520,DSC인베스트먼트,KR7241520006,KSQ
155660,DSR,KR7155660004,STK
069730,DSR제강,KR7069730000,STK
017940,E1,KR7017940008,STK
245620,EDGC,KR7245620000,KSQ
037370,EG,KR7037370004,KSQ
278990,EMB,KR7278990007,KNX
365550,ESR켄달스퀘어리츠,KR7365550003,STK
050120,ES큐브,KR7050120005,KSQ
084180,EV수성,KR7084180009,KSQ
383220,F&F,KR7383220001,STK
007700,F&F홀딩스,KR7007700008,STK
214270,FSN,KR7214270001,KSQ
130500,GH신소재,KR7130500002,KSQ
114090,GKL,KR7114090004,STK
900290,GRT,HK0000307485,KSQ
078930,GS,KR7078930005,STK
083450,GST,KR7083450007,KSQ
006360,GS건설,KR7006360002,STK
001250,GS글로벌,KR7001250000,STK
007070,GS리테일,KR7007070006,STK
078935,GS우,KR7078931003,STK
297890,HB솔루션,KR7297890006,KSQ
078150,HB테크놀러지,KR7078150000,KSQ
012630,HDC,KR7012630000,STK
039570,HDC랩스,KR7039570007,STK
089470,HDC현대EP,KR7089470009,STK
294870,HDC현대산업개발,KR7294870001,STK
267250,HD현대,KR7267250009,STK
097230,HJ중공업,KR7097230007,STK
195940,HK이노엔,KR7195940002,KSQ
014790,HL D&I,KR7014790000,STK
028300,HLB,KR7028300002,KSQ
003580,HLB글로벌,KR7003580008,STK
343090,HLB사이언스,KR7343090007,KNX
067630,HLB생명과학,KR7067630004,KSQ
047920,HLB제약,KR7047920004,KSQ
115450,HLB테라퓨틱스,KR7115450009,KSQ
204320,HL만도,KR7204320006,STK
060980,HL홀딩스,KR7060980000,STK
011200,HMM,KR7011200003,STK
403870,HPSP,KR7403870009,KSQ
036640,HRS,KR7036640001,KSQ
082740,HSD엔진,KR7082740002,STK
351340,IBKS제13호스팩,KR7351340005,KSQ
388790,IBKS제16호스팩,KR7388790008,KSQ
405350,IBKS제17호스팩,KR7405350000,KSQ
424760,IBKS제18호스팩,KR7424760007,KSQ
426550,IBKS제19호스팩,KR7426550000,KSQ
439730,IBKS제20호스팩,KR7439730003,KSQ
003560,IHQ,KR7003560000,STK
095340,ISC,KR7095340006,KSQ
099520,ITX-AI,KR7099520009,KSQ
175330,JB금융지주,KR7175330000,STK
950170,JTC,KR8392080006,KSQ
234080,JW생명과학,KR7234080000,STK
067290,JW신약,KR7067290007,KSQ
001060,JW중외제약,KR7001060003,STK
001067,JW중외제약2우B,KR7001062009,STK
001065,JW중외제약우,KR7001061001,STK
096760,JW홀딩스,KR7096760004,STK
035900,JYP Ent.,KR7035900000,KSQ
318000,KBG,KR7318000007,KSQ
024840,KBI메탈,KR7024840001,KSQ
105560,KB금융,KR7105560007,STK
432320,KB스타리츠,KR7432320000,STK
024120,KB오토시스,KR7024120008,KSQ
002380,KCC,KR7002380004,STK
021320,KCC건설,KR7021320007,KSQ
344820,KCC글라스,KR7344820006,STK
036670,KCI,KR7036670008,KSQ
009070,KCTC,KR7009070004,STK
009440,KC그린홀딩스,KR7009440009,STK
112190,KC산업,KR7112190004,KNX
119650,KC코트렐,KR7119650000,STK
044180,KD,KR7044180008,KSQ
092220,KEC,KR7092220003,STK
151860,KG ETS,KR7151860004,KSQ
046440,KG모빌리언스,KR7046440004,KSQ
016380,KG스틸,KR7016380008,STK
035600,KG이니시스,KR7035600006,KSQ
001390,KG케미칼,KR7001390004,STK
226360,KH 건설,KR7226360006,KSQ
111870,KH 전자,KR7111870002,KSQ
033180,KH 필룩스,KR7033180001,STK
060720,KH바텍,KR7060720000,KSQ
001940,KISCO홀딩스,KR7001940006,STK
058400,KNN,KR7058400003,KSQ
114450,KPX생명과학,KR7114450000,KSQ
025000,KPX케미칼,KR7025000001,STK
092230,KPX홀딩스,KR7092230002,STK
000040,KR모터스,KR7000040006,STK
044450,KSS해운,KR7044450005,STK
030200,KT,KR7030200000,STK
033780,KT&G,KR7033780008,STK
058850,KTcs,KR7058850009,STK
058860,KTis,KR7058860008,STK
060370,KT서브마린,KR7060370004,KSQ
122450,KX,KR7122450000,KSQ
052900,KX하이텍,KR7052900008,KSQ
093050,LF,KR7093050003,STK
003550,LG,KR7003550001,STK
034220,LG디스플레이,KR7034220004,STK
051900,LG생활건강,KR7051900009,STK
051905,LG생활건강우,KR7051901007,STK
373220,LG에너지솔루션,KR7373220003,STK
003555,LG우,KR7003551009,STK
032640,LG유플러스,KR7032640005,STK
011070,LG이노텍,KR7011070000,STK
066570,LG전자,KR7066570003,STK
066575,LG전자우,KR7066571001,STK
037560,LG헬로비전,KR7037560000,STK
051910,LG화학,KR7051910008,STK
051915,LG화학우,KR7051911006,STK
079550,LIG넥스원,KR7079550000,STK
006260,LS,KR7006260004,STK
010120,LS ELECTRIC,KR7010120004,STK
000680,LS네트웍스,KR7000680009,STK
229640,LS전선아시아,KR7229640008,STK
108320,LX세미콘,KR7108320003,STK
001120,LX인터내셔널,KR7001120005,STK
108670,LX하우시스,KR7108670001,STK
108675,LX하우시스우,KR7108671009,STK
383800,LX홀딩스,KR7383800000,STK
38380K,LX홀딩스1우,KR738380K012,STK
086960,MDS테크,KR7086960002,KSQ
023150,MH에탄올,KR7023150006,STK
035420,NAVER,KR7035420009,STK
160550,NEW,KR7160550000,KSQ
053290,NE능률,KR7053290003,KSQ
181710,NHN,KR7181710005,STK
104200,NHN벅스,KR7104200001,KSQ
060250,NHN한국사이버결제,KR7060250008,KSQ
400760,NH올원리츠,KR7400760005,STK
005940,NH투자증권,KR7005940002,STK
005945,NH투자증권우,KR7005941000,STK
338100,NH프라임리츠,KR7338100001,STK
034310,NICE,KR7034310003,STK
030190,NICE평가정보,KR7030190003,KSQ
008260,NI스틸,KR7008260002,STK
004250,NPC,KR7004250007,STK
004255,NPC우,KR7004251005,STK
010060,OCI,KR7010060002,STK
178920,PI첨단소재,KR7178920005,STK
024940,PN풍년,KR7024940009,KSQ
005490,POSCO홀딩스,KR7005490008,STK
218410,RFHIC,KR7218410009,KSQ
327260,RF머트리얼즈,KR7327260006,KSQ
091340,S&K폴리텍,KR7091340000,KSQ
010950,S-Oil,KR7010950004,STK
010955,S-Oil우,KR7010951002,STK
019550,SBI인베스트먼트,KR7019550003,KSQ
950110,SBI핀테크솔루션즈,KR8392070007,KSQ
034120,SBS,KR7034120006,STK
046140,SBS콘텐츠허브,KR7046140000,KSQ
151910,SBW생명과학,KR7151910007,KSQ
036120,SCI평가정보,KR7036120004,KSQ
099220,SDN,KR7099220006,KSQ
036540,SFA반도체,KR7036540003,KSQ
255220,SG,KR7255220006,KSQ
040610,SG&G,KR7040610008,KSQ
049470,SGA,KR7049470008,KSQ
184230,SGA솔루션즈,KR7184230001,KSQ
005090,SGC에너지,KR7005090006,STK
016250,SGC이테크건설,KR7016250003,KSQ
001380,SG글로벌,KR7001380005,STK
004060,SG세계물산,KR7004060000,STK
001770,SHD,KR7001770007,STK
002360,SH에너지화학,KR7002360006,STK
009160,SIMPAC,KR7009160003,STK
123700,SJM,KR7123700007,STK
025530,SJM홀딩스,KR7025530007,STK
034730,SK,KR7034730002,STK
011790,SKC,KR7011790003,STK
018670,SK가스,KR7018670000,STK
001740,SK네트웍스,KR7001740000,STK
001745,SK네트웍스우,KR7001741008,STK
006120,SK디스커버리,KR7006120000,STK
006125,SK디스커버리우,KR7006121008,STK
210980,SK디앤디,KR7210980009,STK
068400,SK렌터카,KR7068400001,STK
395400,SK리츠,KR7395400005,STK
302440,SK바이오사이언스,KR7302440003,STK
326030,SK바이오팜,KR7326030004,STK
402340,SK스퀘어,KR7402340004,STK
260870,SK시그넷,KR7260870001,KNX
361610,SK아이이테크놀로지,KR7361610009,STK
03473K,SK우,KR703473K016,STK
096770,SK이노베이션,KR7096770003,STK
096775,SK이노베이션우,KR7096771001,STK
001510,SK증권,KR7001510007,STK
001515,SK증권우,KR7001511005,STK
285130,SK케미칼,KR7285130001,STK
28513K,SK케미칼우,KR728513K010,STK
017670,SK텔레콤,KR7017670001,STK
000660,SK하이닉스,KR7000660001,STK
048550,SM C&C,KR7048550008,KSQ
063440,SM Life Design,KR7063440002,KSQ
064960,SNT모티브,KR7064960008,STK
100840,SNT에너지,KR7100840008,STK
003570,SNT중공업,KR7003570009,STK
036530,SNT홀딩스,KR7036530004,STK
005610,SPC삼립,KR7005610001,STK
011810,STX,KR7011810009,STK
077970,STX엔진,KR7077970002,STK
071970,STX중공업,KR7071970008,STK
002820,SUN&L,KR7002820009,STK
289080,SV인베스트먼트,KR7289080004,KSQ
084870,TBH글로벌,KR7084870005,STK
002710,TCC스틸,KR7002710002,STK
089230,THE E&M,KR7089230007,KSQ
161570,THE MIDONG,KR7161570007,KSQ
032540,TJ미디어,KR7032540007,KSQ
022220,TKG애강,KR7022220008,KSQ
069260,TKG휴켐스,KR7069260008,STK
048770,TPC,KR7048770002,KSQ
246690,TS인베스트먼트,KR7246690002,KSQ
317240,TS트릴리온,KR7317240000,KSQ
002900,TYM,KR7002900009,STK
038340,UCI,KR7038340006,KSQ
073570,WI,KR7073570004,KSQ
024070,WISCOM,KR7024070005,STK
057030,YBM넷,KR7057030009,KSQ
037270,YG PLUS,KR7037270006,STK
040300,YTN,KR7040300006,KSQ
051390,YW,KR7051390003,KSQ
052220,iMBC,KR7052220001,KSQ
079940,가비아,KR7079940003,KSQ
078890,가온미디어,KR7078890001,KSQ
000500,가온전선,KR7000500009,STK
399720,가온칩스,KR7399720002,KSQ
036620,감성코퍼레이션,KR7036620003,KSQ
000860,강남제비스코,KR7000860007,STK
217730,강스템바이오텍,KR7217730001,KSQ
035250,강원랜드,KR7035250000,STK
114190,강원에너지,KR7114190002,KSQ
094480,갤럭시아머니트리,KR7094480001,KSQ
011420,갤럭시아에스엠,KR7011420007,STK
039240,경남스틸,KR7039240007,KSQ
053950,경남제약,KR7053950002,KSQ
002100,경농,KR7002100006,STK
009450,경동나비엔,KR7009450008,STK
267290,경동도시가스,KR7267290005,STK
012320,경동인베스트,KR7012320008,STK
011040,경동제약,KR7011040003,KSQ
000050,경방,KR7000050005,STK
214390,경보제약,KR7214390007,STK
012610,경인양행,KR7012610002,STK
009140,경인전자,KR7009140005,STK
024910,경창산업,KR7024910002,KSQ
013580,계룡건설,KR7013580006,STK
012200,계양전기,KR7012200002,STK
012205,계양전기우,KR7012201000,STK
002140,고려산업,KR7002140002,STK
198440,고려시멘트,KR7198440000,KSQ
049720,고려신용정보,KR7049720006,KSQ
010130,고려아연,KR7010130003,STK
002240,고려제강,KR7002240000,STK
014570,고려제약,KR7014570006,KSQ
348150,고바이오랩,KR7348150004,KSQ
098460,고영,KR7098460009,KSQ
035290,골드앤에스,KR7035290006,KSQ
038530,골드퍼시픽,KR7038530002,KSQ
900280,골든센츄리,KYG1990V1041,KSQ
215000,골프존,KR7215000001,KSQ
121440,골프존뉴딘홀딩스,KR7121440002,KSQ
183410,골프존데카,KR7183410000,KNX
366030,공구우먼,KR7366030005,KSQ
076340,관악산업,KR7076340009,KNX
009290,광동제약,KR7009290008,STK
014200,광림,KR7014200000,KSQ
017040,광명전기,KR7017040007,STK
029480,광무,KR7029480001,KSQ
017900,광전자,KR7017900002,STK
037710,광주신세계,KR7037710001,STK
026910,광진실업,KR7026910000,KSQ
355150,교보10호스팩,KR7355150004,KSQ
397880,교보11호스팩,KR7397880006,KSQ
421800,교보12호스팩,KR7421800004,KSQ
440790,교보13호스팩,KR7440790004,KSQ
030610,교보증권,KR7030610000,STK
339770,교촌에프앤비,KR7339770000,STK
053270,구영테크,KR7053270005,KSQ
007690,국도화학,KR7007690001,STK
005320,국동,KR7005320007,STK
001140,국보,KR7001140003,STK
066620,국보디자인,KR7066620006,KSQ
043650,국순당,KR7043650001,KSQ
006050,국영지앤엠,KR7006050009,KSQ
060480,국일신동,KR7060480001,KSQ
078130,국일제지,KR7078130002,KSQ
307750,국전약품,KR7307750000,KSQ
002720,국제약품,KR7002720001,STK
243870,굿센,KR7243870003,KNX
035080,그래디언트,KR7035080001,KSQ
204020,그리티,KR7204020002,KSQ
083420,그린케미칼,KR7083420000,STK
186230,그린플러스,KR7186230009,KSQ
014530,극동유화,KR7014530000,STK
900070,글로벌에스엠,KYG3931T1076,KSQ
204620,글로벌텍스프리,KR7204620009,KSQ
019660,글로본,KR7019660000,KSQ
014280,금강공업,KR7014280002,STK
014285,금강공업우,KR7014281000,STK
053260,금강철강,KR7053260006,KSQ
008870,금비,KR7008870008,STK
001570,금양,KR7001570001,STK
002990,금호건설,KR7002990000,STK
002995,금호건설우,KR7002991008,STK
011780,금호석유,KR7011780004,STK
011785,금호석유우,KR7011781002,STK
214330,금호에이치티,KR7214330003,STK
001210,금호전기,KR7001210004,STK
073240,금호타이어,KR7073240004,STK
036190,금화피에스시,KR7036190007,KSQ
049080,기가레인,KR7049080005,KSQ
035460,기산텔레콤,KR7035460005,KSQ
092440,기신정기,KR7092440007,STK
000270,기아,KR7000270009,STK
024110,기업은행,KR7024110009,STK
013700,까뮤이앤씨,KR7013700000,STK
308100,까스텔바작,KR7308100007,KSQ
004540,깨끗한나라,KR7004540001,STK
004545,깨끗한나라우,KR7004541009,STK
187790,나노,KR7187790001,KSQ
286750,나노브릭,KR7286750005,KSQ
121600,나노신소재,KR7121600001,KSQ
247660,나노씨엠에스,KR7247660004,KSQ
039860,나노엔텍,KR7039860002,KSQ
091970,나노캠텍,KR7091970004,KSQ
244880,나눔테크,KR7244880001,KNX
288490,나라소프트,KR7288490006,KNX
051490,나라엠앤디,KR7051490001,KSQ
137080,나래나노텍,KR7137080008,KSQ
190510,나무가,KR7190510008,KSQ
242040,나무기술,KR7242040004,KSQ
089600,나스미디어,KR7089600001,KSQ
293580,나우IB,KR7293580007,KSQ
257990,나우코스,KR7257990002,KNX
138610,나이벡,KR7138610001,KSQ
130580,나이스디앤비,KR7130580004,KSQ
036800,나이스정보통신,KR7036800001,KSQ
267320,나인테크,KR7267320000,KSQ
001260,남광토건,KR7001260009,STK
008350,남선알미늄,KR7008350001,STK
008355,남선알미우,KR7008351009,STK
004270,남성,KR7004270005,STK
003920,남양유업,KR7003920006,STK
003925,남양유업우,KR7003921004,STK
025860,남해화학,KR7025860008,STK
111710,남화산업,KR7111710000,KSQ
091590,남화토건,KR7091590000,KSQ
168330,내츄럴엔도텍,KR7168330009,KSQ
094860,네오리진,KR7094860004,KSQ
253590,네오셈,KR7253590004,KSQ
212560,네오오토,KR7212560007,KSQ
095660,네오위즈,KR7095660007,KSQ
042420,네오위즈홀딩스,KR7042420000,KSQ
950220,네오이뮨텍,KR8840140006,KSQ
311390,네오크레마,KR7311390009,KSQ
085910,네오티스,KR7085910008,KSQ
092730,네오팜,KR7092730001,KSQ
290660,네오펙트,KR7290660000,KSQ
306620,네온테크,KR7306620006,KSQ
153460,네이블,KR7153460001,KSQ
007390,네이처셀,KR7007390008,KSQ
033640,네패스,KR7033640004,KSQ
330860,네패스아크,KR7330860008,KSQ
005720,넥센,KR7005720008,STK
005725,넥센우,KR7005721006,STK
002350,넥센타이어,KR7002350007,STK
002355,넥센타이어1우B,KR7002351005,STK
089140,넥스턴바이오,KR7089140008,KSQ
137940,넥스트아이,KR7137940003,KSQ
396270,넥스트칩,KR7396270001,KSQ
348210,넥스틴,KR7348210006,KSQ
225570,넥슨게임즈,KR7225570001,KSQ
217270,넵튠,KR7217270008,KSQ
251270,넷마블,KR7251270005,STK
317860,노드메이슨,KR7317860005,KNX
104620,노랑풍선,KR7104620000,KSQ
090350,노루페인트,KR7090350000,STK
090355,노루페인트우,KR7090351008,STK
000320,노루홀딩스,KR7000320002,STK
000325,노루홀딩스우,KR7000321000,STK
194700,노바렉스,KR7194700001,KSQ
285490,노바텍,KR7285490009,KSQ
229500,노브메타파마,KR7229500004,KNX
106520,노블엠앤비,KR7106520000,KSQ
376930,노을,KR7376930004,KSQ
278650,노터스,KR7278650007,KSQ
006280,녹십자,KR7006280002,STK
142280,녹십자엠에스,KR7142280007,KSQ
234690,녹십자웰빙,KR7234690006,KSQ
005250,녹십자홀딩스,KR7005250006,STK
005257,녹십자홀딩스2우,KR7005252002,STK
065560,녹원씨엔아이,KR7065560005,KSQ
004370,농심,KR7004370003,STK
072710,농심홀딩스,KR7072710007,STK
054050,농우바이오,KR7054050000,KSQ
069140,누리플랜,KR7069140002,KSQ
040160,누리플렉스,KR7040160004,KSQ
332290,누보,KR7332290006,KSQ
348340,뉴로메카,KR7348340001,KSQ
060260,뉴보텍,KR7060260007,KSQ
012340,뉴인텍,KR7012340006,KSQ
214870,뉴지랩파마,KR7214870008,KSQ
270870,뉴트리,KR7270870009,KSQ
144960,뉴파워프라즈마,KR7144960002,KSQ
085670,뉴프렉스,KR7085670008,KSQ
119860,다나와,KR7119860005,KSQ
064260,다날,KR7064260003,KSQ
093640,다믈멀티미디어,KR7093640001,KSQ
340360,다보링크,KR7340360007,KSQ
039560,다산네트웍스,KR7039560008,KSQ
058730,다스코,KR7058730003,STK
298870,다올인베스트먼트,KR7298870007,KSQ
030210,다올투자증권,KR7030210009,STK
023590,다우기술,KR7023590003,STK
032190,다우데이타,KR7032190001,KSQ
323350,다원넥스뷰,KR7323350009,KNX
068240,다원시스,KR7068240001,KSQ
145210,다이나믹디자인,KR7145210001,STK
271850,다이오진,KR7271850000,KNX
019680,대교,KR7019680008,STK
019685,대교우B,KR7019681006,STK
006370,대구백화점,KR7006370001,STK
008060,대덕,KR7008060006,STK
00806K,대덕1우,KR700806K010,STK
353200,대덕전자,KR7353200009,STK
35320K,대덕전자1우,KR735320K011,STK
000490,대동,KR7000490003,STK
178600,대동고려삼,KR7178600003,KNX
020400,대동금속,KR7020400008,KSQ
008830,대동기어,KR7008830002,KSQ
048470,대동스틸,KR7048470009,KSQ
008110,대동전자,KR7008110009,STK
004780,대륙제관,KR7004780003,KSQ
005750,대림B&Co,KR7005750005,STK
017650,대림제지,KR7017650003,KSQ
006570,대림통상,KR7006570006,STK
007720,대명소노시즌,KR7007720006,KSQ
389260,대명에너지,KR7389260001,KSQ
317850,대모,KR7317850006,KSQ
290670,대보마그네틱,KR7290670009,KSQ
078140,대봉엘에스,KR7078140001,KSQ
001680,대상,KR7001680008,STK
001685,대상우,KR7001681006,STK
084690,대상홀딩스,KR7084690007,STK
084695,대상홀딩스우,KR7084691005,STK
036480,대성미생물,KR7036480002,KSQ
128820,대성산업,KR7128820008,STK
117580,대성에너지,KR7117580001,STK
025440,대성엘텍,KR7025440009,KSQ
027830,대성창투,KR7027830009,KSQ
104040,대성파인텍,KR7104040001,KSQ
129920,대성하이텍,KR7129920005,KSQ
016710,대성홀딩스,KR7016710006,STK
387310,대신밸런스제10호스팩,KR7387310006,KSQ
397500,대신밸런스제11호스팩,KR7397500000,KSQ
426670,대신밸런스제12호스팩,KR7426670006,KSQ
020180,대신정보통신,KR7020180006,KSQ
003540,대신증권,KR7003540002,STK
003547,대신증권2우B,KR7003542008,STK
003545,대신증권우,KR7003541000,STK
045390,대아티아이,KR7045390002,KSQ
009190,대양금속,KR7009190000,STK
108380,대양전기공업,KR7108380007,KSQ
006580,대양제지,KR7006580005,KSQ
014160,대영포장,KR7014160006,STK
047040,대우건설,KR7047040001,STK
009320,대우부품,KR7009320003,STK
042660,대우조선해양,KR7042660001,STK
003090,대웅,KR7003090008,STK
069620,대웅제약,KR7069620003,STK
007680,대원,KR7007680002,KSQ
000430,대원강업,KR7000430009,STK
048910,대원미디어,KR7048910004,KSQ
005710,대원산업,KR7005710009,KSQ
006340,대원전선,KR7006340004,STK
006345,대원전선우,KR7006341002,STK
003220,대원제약,KR7003220001,STK
024890,대원화성,KR7024890006,STK
290380,대유,KR7290380005,KSQ
002880,대유에이텍,KR7002880003,STK
290120,대유에이피,KR7290120005,KSQ
000300,대유플러스,KR7000300004,STK
120240,대정화금,KR7120240007,KSQ
003310,대주산업,KR7003310000,KSQ
114920,대주이엔티,KR7114920002,KNX
078600,대주전자재료,KR7078600004,KSQ
012800,대창,KR7012800009,STK
015230,대창단조,KR7015230006,STK
096350,대창솔루션,KR7096350004,KSQ
140520,대창스틸,KR7140520008,KSQ
131220,대한과학,KR7131220006,KSQ
010170,대한광통신,KR7010170009,KSQ
060900,대한그린파워,KR7060900008,KSQ
054670,대한뉴팜,KR7054670005,KSQ
001070,대한방직,KR7001070002,STK
023910,대한약품,KR7023910003,KSQ
006650,대한유화,KR7006650006,STK
001440,대한전선,KR7001440007,STK
084010,대한제강,KR7084010008,STK
001790,대한제당,KR7001790005,STK
001795,대한제당우,KR7001791003,STK
001130,대한제분,KR7001130004,STK
003490,대한항공,KR7003490000,STK
003495,대한항공우,KR7003491008,STK
005880,대한해운,KR7005880000,STK
003830,대한화섬,KR7003830007,STK
016090,대현,KR7016090003,STK
069460,대호에이엘,KR7069460004,STK
021040,대호특수강,KR7021040001,KSQ
021045,대호특수강우,KR7021041009,KSQ
067080,대화제약,KR7067080002,KSQ
298540,더네이쳐홀딩스,KR7298540006,KSQ
192080,더블유게임즈,KR7192080000,STK
393890,더블유씨피,KR7393890009,KSQ
299170,더블유에스아이,KR7299170001,KSQ
012510,더존비즈온,KR7012510004,STK
224060,더코디,KR7224060004,KSQ
302920,더콘텐츠온,KR7302920004,KNX
213420,덕산네오룩스,KR7213420003,KSQ
317330,덕산테코피아,KR7317330009,KSQ
077360,덕산하이메탈,KR7077360006,KSQ
004830,덕성,KR7004830006,STK
004835,덕성우,KR7004831004,STK
090410,덕신하우징,KR7090410002,KSQ
024900,덕양산업,KR7024900003,STK
263600,덕우전자,KR7263600009,KSQ
194480,데브시스터즈,KR7194480000,KSQ
348840,데이드림엔터,KR7348840000,KNX
263800,데이타솔루션,KR7263800005,KSQ
199150,데이터스트림즈,KR7199150004,KNX
206560,덱스터,KR7206560005,KSQ
261200,덴티스,KR7261200000,KSQ
145720,덴티움,KR7145720009,STK
227420,도부마스크,KR7227420007,KNX
067990,도이치모터스,KR7067990002,KSQ
002150,도화엔지니어링,KR7002150001,STK
006620,동구바이오제약,KR7006620009,KSQ
100130,동국S&C,KR7100130004,KSQ
005160,동국산업,KR7005160007,KSQ
075970,동국알앤에스,KR7075970004,KSQ
001230,동국제강,KR7001230002,STK
086450,동국제약,KR7086450004,KSQ
023450,동남합성,KR7023450000,STK
004140,동방,KR7004140000,STK
099410,동방선기,KR7099410003,KSQ
007590,동방아그로,KR7007590003,STK
005960,동부건설,KR7005960000,STK
005965,동부건설우,KR7005961008,STK
026960,동서,KR7026960005,STK
002210,동성제약,KR7002210003,STK
102260,동성케미컬,KR7102260007,STK
033500,동성화인텍,KR7033500000,KSQ
025950,동신건설,KR7025950007,KSQ
000640,동아쏘시오홀딩스,KR7000640003,STK
170900,동아에스티,KR7170900005,STK
088130,동아엘텍,KR7088130000,KSQ
028100,동아지질,KR7028100006,STK
282690,동아타이어,KR7282690007,STK
041930,동아화성,KR7041930009,KSQ
001520,동양,KR7001520006,STK
001527,동양2우B,KR7001522002,STK
084670,동양고속,KR7084670009,STK
082640,동양생명,KR7082640004,STK
060380,동양에스텍,KR7060380003,KSQ
001525,동양우,KR7001521004,STK
079960,동양이엔피,KR7079960001,KSQ
008970,동양철관,KR7008970006,STK
228340,동양파일,KR7228340006,KSQ
092780,동양피스톤,KR7092780006,STK
088910,동우팜투테이블,KR7088910005,KSQ
094170,동운아나텍,KR7094170008,KSQ
049770,동원F&B,KR7049770001,STK
013120,동원개발,KR7013120001,KSQ
018500,동원금속,KR7018500009,STK
006040,동원산업,KR7006040000,STK
030720,동원수산,KR7030720007,STK
014820,동원시스템즈,KR7014820005,STK
014825,동원시스템즈우,KR7014821003,STK
163560,동일고무벨트,KR7163560006,STK
109860,동일금속,KR7109860007,KSQ
032960,동일기연,KR7032960007,KSQ
004890,동일산업,KR7004890000,STK
002690,동일제강,KR7002690006,STK
023790,동일철강,KR7023790009,KSQ
005290,동진쎄미켐,KR7005290002,KSQ
025900,동화기업,KR7025900002,KSQ
000020,동화약품,KR7000020008,STK
000150,두산,KR7000150003,STK
000157,두산2우B,KR7000152009,STK
241560,두산밥캣,KR7241560002,STK
034020,두산에너빌리티,KR7034020008,STK
000155,두산우,KR7000151001,STK
131970,두산테스나,KR7131970006,KSQ
336260,두산퓨얼셀,KR7336260005,STK
33626K,두산퓨얼셀1우,KR733626K013,STK
33626L,두산퓨얼셀2우B,KR733626K021,STK
016740,두올,KR7016740003,STK
073190,듀오백,KR7073190001,KSQ
176750,듀켐바이오,KR7176750008,KNX
030350,드래곤플라이,KR7030350003,KSQ
203650,드림시큐리티,KR7203650007,KSQ
223250,드림씨아이에스,KR7223250002,KSQ
060570,드림어스컴퍼니,KR7060570009,KSQ
192650,드림텍,KR7192650000,STK
217620,디딤,KR7217620004,KSQ
016670,디모아,KR7016670002,KSQ
187870,디바이스이엔지,KR7187870001,KSQ
066670,디스플레이텍,KR7066670001,KSQ
024090,디씨엠,KR7024090003,STK
003160,디아이,KR7003160009,STK
092200,디아이씨,KR7092200005,STK
110990,디아이티,KR7110990009,KSQ
078590,디아크,KR7078590007,KSQ
263690,디알젬,KR7263690000,KSQ
214680,디알텍,KR7214680001,KSQ
377190,디앤디플랫폼리츠,KR7377190004,STK
263720,디앤씨미디어,KR7263720005,KSQ
376300,디어유,KR7376300000,KSQ
141020,디에스앤엘,KR7141020008,KSQ
109740,디에스케이,KR7109740001,KSQ
196490,디에이테크놀로지,KR7196490007,KSQ
066900,디에이피,KR7066900002,KSQ
180400,디엑스앤브이엑스,KR7180400004,KSQ
127120,디엔에이링크,KR7127120004,KSQ
092070,디엔에프,KR7092070002,KSQ
039840,디오,KR7039840004,KSQ
013570,디와이,KR7013570007,STK
219550,디와이디,KR7219550001,KSQ
310870,디와이씨,KR7310870001,KSQ
210540,디와이파워,KR7210540001,STK
104460,디와이피엔에프,KR7104460001,KSQ
079810,디이엔티,KR7079810008,KSQ
113810,디젠스,KR7113810006,KSQ
043360,디지아이,KR7043360007,KSQ
197140,디지캡,KR7197140007,KSQ
068930,디지털대성,KR7068930007,KSQ
033130,디지틀조선,KR7033130006,KSQ
105740,디케이락,KR7105740005,KSQ
263020,디케이앤디,KR7263020000,KSQ
290550,디케이티,KR7290550003,KSQ
187220,디티앤씨,KR7187220009,KSQ
383930,디티앤씨알오,KR7383930005,KSQ
163430,디피코,KR7163430002,KNX
131180,딜리,KR7131180002,KSQ
315640,딥노이드,KR7315640003,KSQ
317120,라닉스,KR7317120004,KSQ
042510,라온시큐어,KR7042510008,KSQ
232680,라온테크,KR7232680009,KSQ
300120,라온피플,KR7300120003,KSQ
171120,라이온켐텍,KR7171120009,KSQ
069540,라이트론,KR7069540003,KSQ
285770,라이프사이언스테크놀로지,KR7285770004,KNX
347700,라이프시맨틱스,KR7347700007,KSQ
214260,라파스,KR7214260002,KSQ
403360,라피치,KR7403360001,KNX
115390,락앤락,KR7115390007,STK
200350,래몽래인,KR7200350007,KSQ
171010,램테크놀러지,KR7171010002,KSQ
084650,랩지노믹스,KR7084650001,KSQ
217500,러셀,KR7217500008,KSQ
092590,럭스피아,KR7092590009,KNX
141080,레고켐바이오,KR7141080002,KSQ
038390,레드캡투어,KR7038390001,KSQ
294140,레몬,KR7294140009,KSQ
228670,레이,KR7228670006,KSQ
228850,레이언스,KR7228850004,KSQ
412350,레이저쎌,KR7412350001,KSQ
281740,레이크머티리얼즈,KR7281740001,KSQ
277810,레인보우로보틱스,KR7277810008,KSQ
179720,렌딩머신,KR7179720008,KNX
215100,로보로보,KR7215100009,KSQ
090360,로보스타,KR7090360009,KSQ
238500,로보쓰리,KR7238500003,KNX
108490,로보티즈,KR7108490004,KSQ
900260,로스웰,HK0000295359,KSQ
223220,로지스몬,KR7223220005,KNX
067730,로지시스,KR7067730002,KSQ
071280,로체시스템즈,KR7071280002,KSQ
032350,롯데관광개발,KR7032350001,STK
089860,롯데렌탈,KR7089860001,STK
330590,롯데리츠,KR7330590001,STK
000400,롯데손해보험,KR7000400002,STK
023530,롯데쇼핑,KR7023530009,STK
004000,롯데정밀화학,KR7004000006,STK
286940,롯데정보통신,KR7286940002,STK
280360,롯데제과,KR7280360009,STK
004990,롯데지주,KR7004990008,STK
00499K,롯데지주우,KR700499K014,STK
005300,롯데칠성,KR7005300009,STK
005305,롯데칠성우,KR7005301007,STK
011170,롯데케미칼,KR7011170008,STK
071840,롯데하이마트,KR7071840003,STK
328130,루닛,KR7328130000,KSQ
038060,루멘스,KR7038060000,KSQ
162120,루켄테크놀러지스,KR7162120000,KNX
253610,루트락,KR7253610000,KNX
085370,루트로닉,KR7085370005,KSQ
08537M,루트로닉3우C,KR708537K039,KSQ
060240,룽투코리아,KR7060240009,KSQ
058470,리노공업,KR7058470006,KSQ
039980,리노스,KR7039980008,KSQ
019570,리더스 기술투자,KR7019570001,KSQ
016100,리더스코스메틱,KR7016100000,KSQ
012700,리드코프,KR7012700001,KSQ
302550,리메드,KR7302550009,KSQ
377450,리파인,KR7377450002,KSQ
277070,린드먼아시아,KR7277070009,KSQ
042500,링네트,KR7042500009,KSQ
219420,링크제니시스,KR7219420007,KSQ
027740,마니커,KR7027740000,STK
195500,마니커에프앤지,KR7195500004,KSQ
357430,마스턴프리미어리츠,KR7357430008,STK
305090,마이크로디지탈,KR7305090003,KSQ
098120,마이크로컨텍솔,KR7098120009,KSQ
147760,마이크로프랜드,KR7147760003,KSQ
377480,마인즈랩,KR7377480009,KSQ
038290,마크로젠,KR7038290003,KSQ
001080,만호제강,KR7001080001,STK
267980,매일유업,KR7267980001,KSQ
005990,매일홀딩스,KR7005990007,KSQ
093520,매커스,KR7093520005,KSQ
377030,맥스트,KR7377030002,KSQ
088980,맥쿼리인프라,KR7088980008,STK
094800,맵스리얼티1,KR7094800000,STK
100590,머큐리,KR7100590009,KSQ
067280,멀티캠퍼스,KR7067280008,KSQ
072870,메가스터디,KR7072870009,KSQ
215200,메가스터디교육,KR7215200007,KSQ
133750,메가엠디,KR7133750000,KSQ
235980,메드팩토,KR7235980000,KSQ
200580,메디쎄이,KR7200580009,KNX
041920,메디아나,KR7041920000,KSQ
233250,메디안디노스틱,KR7233250000,KNX
014100,메디앙스,KR7014100002,KSQ
236340,메디젠휴먼케어,KR7236340006,KNX
054180,메디콕스,KR7054180005,KSQ
086900,메디톡스,KR7086900008,KSQ
078160,메디포스트,KR7078160009,KSQ
065650,메디프론,KR7065650004,KSQ
138040,메리츠금융지주,KR7138040001,STK
008560,메리츠증권,KR7008560005,STK
000060,메리츠화재,KR7000060004,STK
021880,메이슨캐피탈,KR7021880000,KSQ
140410,메지온,KR7140410002,KSQ
241770,메카로,KR7241770007,KSQ
090370,메타랩스,KR7090370008,STK
059210,메타바이오메드,KR7059210005,KSQ
058110,멕아이씨에스,KR7058110008,KSQ
096640,멜파스,KR7096640008,KSQ
017180,명문제약,KR7017180001,STK
257370,명성티엔에스,KR7257370007,KSQ
009900,명신산업,KR7009900002,STK
267060,명진홀딩스,KR7267060002,KNX
012690,모나리자,KR7012690004,STK
005360,모나미,KR7005360003,STK
080420,모다이노칩,KR7080420003,KSQ
417970,모델솔루션,KR7417970001,KSQ
080160,모두투어,KR7080160005,KSQ
204210,모두투어리츠,KR7204210009,STK
087260,모바일어플라이언스,KR7087260006,KSQ
101330,모베이스,KR7101330009,KSQ
012860,모베이스전자,KR7012860003,KSQ
363260,모비데이즈,KR7363260001,KSQ
348030,모비릭스,KR7348030008,KSQ
250060,모비스,KR7250060001,KSQ
288980,모아데이타,KR7288980006,KSQ
033200,모아텍,KR7033200007,KSQ
333050,모코엠시스,KR7333050003,KSQ
009680,모토닉,KR7009680000,STK
118990,모트렉스,KR7118990001,KSQ
006920,모헨즈,KR7006920003,KSQ
009580,무림P&P,KR7009580002,STK
001810,무림SP,KR7001810001,KSQ
009200,무림페이퍼,KR7009200007,STK
135160,무송지오씨,KR7135160000,KNX
322970,무진메디,KR7322970005,KNX
033920,무학,KR7033920000,STK
008420,문배철강,KR7008420002,STK
279600,미디어젠,KR7279600001,KSQ
095500,미래나노텍,KR7095500005,KSQ
025560,미래산업,KR7025560004,STK
218150,미래생명자원,KR7218150001,KSQ
007120,미래아이앤지,KR7007120009,STK
396690,미래에셋글로벌리츠,KR7396690000,STK
353490,미래에셋대우스팩 5호,KR7353490006,KSQ
357250,미래에셋맵스리츠,KR7357250000,STK
100790,미래에셋벤처투자,KR7100790005,KSQ
412930,미래에셋비전스팩1호,KR7412930000,KSQ
085620,미래에셋생명,KR7085620003,STK
006800,미래에셋증권,KR7006800007,STK
00680K,미래에셋증권2우B,KR700680K019,STK
006805,미래에셋증권우,KR7006801005,STK
208890,미래엔에듀파트너,KR7208890004,KNX
049950,미래컴퍼니,KR7049950009,KSQ
207760,미스터블루,KR7207760000,KSQ
002840,미원상사,KR7002840007,STK
268280,미원에스씨,KR7268280005,STK
107590,미원홀딩스,KR7107590002,STK
134380,미원화학,KR7134380005,STK
003650,미창석유,KR7003650009,STK
059090,미코,KR7059090001,KSQ
214610,미코바이오메드,KR7214610008,KSQ
201490,미투온,KR7201490000,KSQ
950190,미투젠,KR8344390008,KSQ
155900,바다로19호,KR7155900004,STK
206640,바디텍메드,KR7206640005,KSQ
018700,바른손,KR7018700005,KSQ
035620,바른손이앤에이,KR7035620004,KSQ
064520,바른전자,KR7064520000,KSQ
354390,바스칸바이오제약,KR7354390007,KNX
053030,바이넥스,KR7053030003,KSQ
301300,바이브컴퍼니,KR7301300000,KSQ
064550,바이오니아,KR7064550007,KSQ
314930,바이오다인,KR7314930009,KSQ
208710,바이오로그디바이스,KR7208710004,KSQ
086820,바이오솔루션,KR7086820008,KSQ
038460,바이오스마트,KR7038460002,KSQ
281310,바이오시네틱스,KR7281310003,KNX
251120,바이오에프디엔씨,KR7251120002,KSQ
266470,바이오인프라생명과학,KR7266470004,KNX
086040,바이오톡스텍,KR7086040003,KSQ
199290,바이오프로테크,KR7199290008,KNX
099430,바이오플러스,KR7099430001,KSQ
032980,바이온,KR7032980005,KSQ
222160,바이옵트로,KR7222160004,KSQ
308080,바이젠셀,KR7308080001,KSQ
043150,바텍,KR7043150002,KSQ
323990,박셀바이오,KR7323990002,KSQ
003610,방림,KR7003610003,STK
267790,배럴,KR7267790004,KSQ
001340,백광산업,KR7001340009,STK
046310,백금T&A,KR7046310009,KSQ
035150,백산,KR7035150002,STK
331520,밸로프,KR7331520007,KSQ
066410,버킷스튜디오,KR7066410002,KSQ
002410,범양건영,KR7002410009,STK
382900,범한퓨얼셀,KR7382900009,KSQ
206400,베노홀딩스,KR7206400004,KSQ
019010,베뉴지,KR7019010008,KSQ
322190,베른,KR7322190000,KNX
177350,베셀,KR7177350006,KSQ
299910,베스파,KR7299910000,KSQ
096300,베트남개발1,KR7096300009,STK
007210,벽산,KR7007210008,STK
225530,보광산업,KR7225530005,KSQ
250000,보라티알,KR7250000007,KSQ
002760,보락,KR7002760007,STK
003850,보령,KR7003850005,STK
310210,보로노이,KR7310210000,KSQ
006910,보성파워텍,KR7006910004,KSQ
000890,보해양조,KR7000890004,STK
226340,본느,KR7226340008,KSQ
206950,볼빅,KR7206950008,KNX
003000,부광약품,KR7003000007,STK
001270,부국증권,KR7001270008,STK
001275,부국증권우,KR7001271006,STK
026940,부국철강,KR7026940007,STK
014470,부방,KR7014470009,KSQ
011390,부산산업,KR7011390002,STK
005030,부산주공,KR7005030002,STK
008470,부스타,KR7008470007,KSQ
338220,뷰노,KR7338220007,KSQ
100120,뷰웍스,KR7100120005,KSQ
337930,브랜드엑스코퍼레이션,KR7337930002,KSQ
099390,브레인즈컴퍼니,KR7099390007,KSQ
064480,브리지텍,KR7064480007,KSQ
288330,브릿지바이오테라퓨틱스,KR7288330004,KSQ
365900,브이씨,KR7365900000,KSQ
251630,브이원텍,KR7251630000,KSQ
018290,브이티지엠피,KR7018290007,KSQ
044480,블루베리 NFT,KR7044480002,KSQ
033560,블루콤,KR7033560004,KSQ
191600,블루탑,KR7191600006,KNX
369370,블리츠웨이,KR7369370002,KSQ
126340,비나텍,KR7126340009,KSQ
121800,비덴트,KR7121800007,KSQ
148140,비디아이,KR7148140007,KSQ
082800,비보존 제약,KR7082800004,KSQ
318410,비비씨,KR7318410008,KSQ
002070,비비안,KR7002070001,STK
100220,비상교육,KR7100220003,STK
419540,비스토스,KR7419540000,KSQ
146320,비씨엔씨,KR7146320007,KSQ
200780,비씨월드제약,KR7200780005,KSQ
141000,비아트론,KR7141000000,KSQ
090460,비에이치,KR7090460007,KSQ
083650,비에이치아이,KR7083650002,KSQ
215050,비엔디생활건강,KR7215050006,KNX
142760,비엘,KR7142760008,KSQ
065170,비엘팜텍,KR7065170003,KSQ
086220,비엘헬스케어,KR7086220001,KNX
086670,비엠티,KR7086670007,KSQ
335890,비올,KR7335890000,KSQ
138580,비즈니스온,KR7138580006,KSQ
082920,비츠로셀,KR7082920000,KSQ
054220,비츠로시스,KR7054220009,KSQ
042370,비츠로테크,KR7042370007,KSQ
030790,비케이탑스,KR7030790000,STK
050090,비케이홀딩스,KR7050090000,KSQ
307870,비투엔,KR7307870006,KSQ
357880,비트나인,KR7357880004,KSQ
032850,비트컴퓨터,KR7032850000,KSQ
148780,비플라이소프트,KR7148780000,KSQ
238200,비피도,KR7238200000,KSQ
093190,빅솔론,KR7093190007,KSQ
065450,빅텍,KR7065450009,KSQ
210120,빅텐츠,KR7210120002,KNX
005180,빙그레,KR7005180005,STK
072950,빛샘전자,KR7072950009,KSQ
266170,뿌리깊은나무들,KR7266170000,KNX
143240,사람인에이치알,KR7143240000,KSQ
003960,사조대림,KR7003960002,STK
008040,사조동아원,KR7008040008,STK
007160,사조산업,KR7007160005,STK
014710,사조씨푸드,KR7014710008,STK
006090,사조오양,KR7006090005,STK
419120,산돌,KR7419120001,KSQ
100090,삼강엠앤티,KR7100090000,KSQ
122350,삼기,KR7122350002,KSQ
014970,삼륭물산,KR7014970008,KSQ
018310,삼목에스폼,KR7018310003,KSQ
053700,삼보모터스,KR7053700001,KSQ
009620,삼보산업,KR7009620006,KSQ
023600,삼보판지,KR7023600000,KSQ
001470,삼부토건,KR7001470004,STK
006400,삼성SDI,KR7006400006,STK
006405,삼성SDI우,KR7006401004,STK
006660,삼성공조,KR7006660005,STK
380320,삼성머스트스팩5호,KR7380320002,KSQ
028260,삼성물산,KR7028260008,STK
02826K,삼성물산우B,KR702826K016,STK
207940,삼성바이오로직스,KR7207940008,STK
032830,삼성생명,KR7032830002,STK
377630,삼성스팩4호,KR7377630009,KSQ
425290,삼성스팩6호,KR7425290004,KSQ
439250,삼성스팩7호,KR7439250002,KSQ
018260,삼성에스디에스,KR7018260000,STK
028050,삼성엔지니어링,KR7028050003,STK
009150,삼성전기,KR7009150004,STK
009155,삼성전기우,KR7009151002,STK
005930,삼성전자,KR7005930003,STK
005935,삼성전자우,KR7005931001,STK
001360,삼성제약,KR7001360007,STK
010140,삼성중공업,KR7010140002,STK
010145,삼성중공우,KR7010141000,STK
016360,삼성증권,KR7016360000,STK
068290,삼성출판사,KR7068290006,STK
029780,삼성카드,KR7029780004,STK
000810,삼성화재,KR7000810002,STK
000815,삼성화재우,KR7000811000,STK
006110,삼아알미늄,KR7006110001,STK
009300,삼아제약,KR7009300005,KSQ
145990,삼양사,KR7145990008,STK
145995,삼양사우,KR7145991006,STK
003230,삼양식품,KR7003230000,STK
225190,삼양옵틱스,KR7225190008,KSQ
002170,삼양통상,KR7002170009,STK
272550,삼양패키징,KR7272550005,STK
000070,삼양홀딩스,KR7000070003,STK
000075,삼양홀딩스우,KR7000071001,STK
002810,삼영무역,KR7002810000,STK
361670,삼영에스앤씨,KR7361670003,KSQ
054540,삼영엠텍,KR7054540000,KSQ
065570,삼영이엔씨,KR7065570004,KSQ
005680,삼영전자,KR7005680004,STK
003720,삼영화학,KR7003720000,STK
023000,삼원강재,KR7023000003,STK
004380,삼익THK,KR7004380002,STK
002450,삼익악기,KR7002450005,STK
032280,삼일,KR7032280000,KSQ
002290,삼일기업공사,KR7002290005,KSQ
004440,삼일씨엔에스,KR7004440004,STK
000520,삼일제약,KR7000520007,STK
009770,삼정펄프,KR7009770009,STK
037460,삼지전자,KR7037460003,KSQ
032750,삼진,KR7032750002,KSQ
054090,삼진엘앤디,KR7054090006,KSQ
005500,삼진제약,KR7005500004,STK
000250,삼천당제약,KR7000250001,KSQ
004690,삼천리,KR7004690004,STK
024950,삼천리자전거,KR7024950008,KSQ
038500,삼표시멘트,KR7038500005,KSQ
017480,삼현철강,KR7017480005,KSQ
010960,삼호개발,KR7010960003,STK
046390,삼화네트웍스,KR7046390001,KSQ
004450,삼화왕관,KR7004450003,STK
009470,삼화전기,KR7009470006,STK
011230,삼화전자,KR7011230000,STK
001820,삼화콘덴서,KR7001820000,STK
000390,삼화페인트,KR7000390005,STK
027580,상보,KR7027580000,KSQ
038540,상상인,KR7038540001,KSQ
101000,상상인인더스트리,KR7101000008,KSQ
415580,상상인제3호스팩,KR7415580000,KSQ
001290,상상인증권,KR7001290006,STK
041650,상신브레이크,KR7041650003,STK
091580,상신이디피,KR7091580001,KSQ
263810,상신전자,KR7263810004,KSQ
089980,상아프론테크,KR7089980007,KSQ
042940,상지카일룸,KR7042940007,KSQ
042600,새로닉스,KR7042600007,KSQ
075180,새론오토모티브,KR7075180000,STK
107600,새빗켐,KR7107600009,KSQ
252990,샘씨엔에스,KR7252990007,KSQ
007540,샘표,KR7007540008,STK
248170,샘표식품,KR7248170003,STK
378800,샤페론,KR7378800007,KSQ
294630,서남,KR7294630009,KSQ
038070,서린바이오,KR7038070009,KSQ
006730,서부T&D,KR7006730006,KSQ
079650,서산,KR7079650008,KSQ
100660,서암기계공업,KR7100660000,KSQ
007860,서연,KR7007860000,STK
200880,서연이화,KR7200880003,STK
019770,서연탑메탈,KR7019770007,KSQ
017390,서울가스,KR7017390006,STK
043710,서울리거,KR7043710003,KSQ
092190,서울바이오시스,KR7092190008,KSQ
046890,서울반도체,KR7046890000,KSQ
004410,서울식품,KR7004410007,STK
004415,서울식품우,KR7004411005,STK
063170,서울옥션,KR7063170005,KSQ
027040,서울전자통신,KR7027040005,KSQ
018680,서울제약,KR7018680009,KSQ
021050,서원,KR7021050000,STK
093920,서원인텍,KR7093920007,KSQ
189860,서전기전,KR7189860000,KSQ
178320,서진시스템,KR7178320008,KSQ
122690,서진오토모티브,KR7122690001,KSQ
140070,서플러스글로벌,KR7140070004,KSQ
011370,서한,KR7011370004,KSQ
065710,서호전기,KR7065710006,KSQ
008490,서흥,KR7008490005,STK
035890,서희건설,KR7035890003,KSQ
357550,석경에이티,KR7357550003,KSQ
003100,선광,KR7003100005,KSQ
007610,선도전기,KR7007610009,STK
067370,선바이오,KR7067370007,KSQ
171090,선익시스템,KR7171090004,KSQ
136490,선진,KR7136490000,STK
086710,선진뷰티사이언스,KR7086710001,KSQ
014620,성광벤드,KR7014620009,KSQ
037350,성도이엔지,KR7037350006,KSQ
014910,성문전자,KR7014910004,STK
014915,성문전자우,KR7014911002,STK
003080,성보화학,KR7003080009,STK
004980,성신양회,KR7004980009,STK
004985,성신양회우,KR7004981007,STK
011300,성안,KR7011300001,STK
081580,성우전자,KR7081580003,KSQ
045300,성우테크론,KR7045300001,KSQ
015750,성우하이텍,KR7015750003,KSQ
365340,성일하이텍,KR7365340009,KSQ
000180,성창기업지주,KR7000180000,STK
080470,성창오토텍,KR7080470008,KSQ
043260,성호전자,KR7043260009,KSQ
148150,세경하이테크,KR7148150006,KSQ
002420,세기상사,KR7002420008,STK
053060,세동,KR7053060000,KSQ
340440,세림B&G,KR7340440007,KSQ
017510,세명전기,KR7017510009,KSQ
004360,세방,KR7004360004,STK
004365,세방우,KR7004361002,STK
004490,세방전지,KR7004490009,STK
011560,세보엠이씨,KR7011560000,KSQ
396300,세아메카닉스,KR7396300006,KSQ
001430,세아베스틸지주,KR7001430008,STK
306200,세아제강,KR7306200007,STK
003030,세아제강지주,KR7003030004,STK
019440,세아특수강,KR7019440007,STK
058650,세아홀딩스,KR7058650003,STK
013000,세우글로벌,KR7013000005,STK
100700,세운메디칼,KR7100700004,KSQ
024830,세원물산,KR7024830002,KSQ
091090,세원이앤씨,KR7091090001,STK
021820,세원정공,KR7021820006,STK
067830,세이브존I&C,KR7067830000,STK
033530,세종공업,KR7033530007,STK
258830,세종메디칼,KR7258830009,KSQ
036630,세종텔레콤,KR7036630002,KSQ
039310,세중,KR7039310008,KSQ
075580,세진중공업,KR7075580001,STK
067770,세진티에스,KR7067770008,KSQ
053450,세코닉스,KR7053450003,KSQ
222810,세토피아,KR7222810004,KSQ
027970,세하,KR7027970003,STK
252500,세화피앤씨,KR7252500004,KSQ
347000,센코,KR7347000002,KSQ
308170,센트랄모텍,KR7308170000,STK
012600,센트럴인사이트,KR7012600003,STK
331920,셀레믹스,KR7331920009,KSQ
049180,셀루메드,KR7049180003,KSQ
299660,셀리드,KR7299660001,KSQ
268600,셀리버리,KR7268600004,KSQ
108860,셀바스AI,KR7108860008,KSQ
208370,셀바스헬스케어,KR7208370007,KSQ
258250,셀젠텍,KR7258250000,KNX
068270,셀트리온,KR7068270008,STK
068760,셀트리온제약,KR7068760008,KSQ
091990,셀트리온헬스케어,KR7091990002,KSQ
068940,셀피글로벌,KR7068940006,KSQ
060230,소니드,KR7060230000,KSQ
290690,소룩스,KR7290690007,KSQ
950200,소마젠,KR8840150005,KSQ
032680,소프트센,KR7032680001,KSQ
032685,소프트센우,KR7032681009,KSQ
258790,소프트캠프,KR7258790005,KSQ
066910,손오공,KR7066910001,KSQ
043100,솔고바이오,KR7043100007,KSQ
336370,솔루스첨단소재,KR7336370002,STK
33637K,솔루스첨단소재1우,KR733637K010,STK
33637L,솔루스첨단소재2우B,KR733637K028,STK
154040,솔루에타,KR7154040000,KSQ
248070,솔루엠,KR7248070005,STK
035610,솔본,KR7035610005,KSQ
357780,솔브레인,KR7357780006,KSQ
036830,솔브레인홀딩스,KR7036830008,KSQ
304100,솔트룩스,KR7304100001,KSQ
328380,솔트웨어,KR7328380001,KSQ
004430,송원산업,KR7004430005,STK
086980,쇼박스,KR7086980000,KSQ
050960,수산아이앤티,KR7050960004,KSQ
126720,수산인더스트리,KR7126720002,STK
017550,수산중공업,KR7017550005,STK
253840,수젠텍,KR7253840003,KSQ
185190,수프로,KR7185190006,KNX
236200,슈프리마,KR7236200002,KSQ
317770,슈프리마아이디,KR7317770006,KSQ
094840,슈프리마에이치큐,KR7094840006,KSQ
192440,슈피겐코리아,KR7192440006,KSQ
136510,스마트솔루션즈,KR7136510005,KSQ
099440,스맥,KR7099440000,KSQ
053210,스카이라이프,KR7053210001,STK
033790,스카이문스테크놀로지,KR7033790007,KSQ
276040,스코넥,KR7276040003,KSQ
159910,스킨앤스킨,KR7159910009,KSQ
115570,스타플렉스,KR7115570004,KSQ
258540,스템랩,KR7258540004,KNX
330730,스톤브릿지벤처스,KR7330730003,KSQ
253450,스튜디오드래곤,KR7253450001,KSQ
204630,스튜디오산타클로스,KR7204630008,KSQ
026890,스틱인베스트먼트,KR7026890004,STK
013810,스페코,KR7013810007,KSQ
049830,승일,KR7049830003,KSQ
020710,시공테크,KR7020710000,KSQ
033170,시그네틱스,KR7033170002,KSQ
048870,시너지이노베이션,KR7048870000,KSQ
025320,시노펙스,KR7025320003,KSQ
134790,시디즈,KR7134790005,STK
269620,시스웍,KR7269620001,KSQ
131090,시큐브,KR7131090003,KSQ
232830,시큐센,KR7232830000,KNX
139050,시티랩스,KR7139050009,KSQ
016590,신대양제지,KR7016590002,STK
290520,신도기연,KR7290520006,KSQ
029530,신도리코,KR7029530003,STK
004970,신라교역,KR7004970000,STK
001000,신라섬유,KR7001000009,KSQ
025870,신라에스지,KR7025870007,KSQ
215600,신라젠,KR7215600008,KSQ
065350,신성델타테크,KR7065350001,KSQ
011930,신성이엔지,KR7011930005,STK
005390,신성통상,KR7005390000,STK
004170,신세계,KR7004170007,STK
035510,신세계 I&C,KR7035510007,STK
034300,신세계건설,KR7034300004,STK
031430,신세계인터내셔날,KR7031430002,STK
031440,신세계푸드,KR7031440001,STK
006880,신송홀딩스,KR7006880009,STK
002800,신신제약,KR7002800001,KSQ
344050,신영스팩6호,KR7344050000,KSQ
419270,신영스팩7호,KR7419270004,KSQ
430220,신영스팩8호,KR7430220004,KSQ
005800,신영와코루,KR7005800008,STK
001720,신영증권,KR7001720002,STK
001725,신영증권우,KR7001721000,STK
009270,신원,KR7009270000,STK
017000,신원종합개발,KR7017000001,KSQ
002700,신일전자,KR7002700003,STK
012790,신일제약,KR7012790002,KSQ
138070,신진에스엠,KR7138070008,KSQ
226330,신테카바이오,KR7226330009,KSQ
002870,신풍,KR7002870004,STK
019170,신풍제약,KR7019170000,STK
019175,신풍제약우,KR7019171008,STK
404990,신한서부티엔디리츠,KR7404990004,STK
293940,신한알파리츠,KR7293940003,STK
418210,신한제10호스팩,KR7418210001,KSQ
366330,신한제7호스팩,KR7366330009,KSQ
393360,신한제8호스팩,KR7393360003,KSQ
405640,신한제9호스팩,KR7405640004,KSQ
055550,신한지주,KR7055550008,STK
056700,신화인터텍,KR7056700008,KSQ
187270,신화콘텍,KR7187270004,KSQ
004080,신흥,KR7004080008,STK
243840,신흥에스이씨,KR7243840006,KSQ
257720,실리콘투,KR7257720003,KSQ
222800,심텍,KR7222800005,KSQ
036710,심텍홀딩스,KR7036710002,KSQ
160980,싸이맥스,KR7160980009,KSQ
356890,싸이버원,KR7356890004,KSQ
217330,싸이토젠,KR7217330000,KSQ
102280,쌍방울,KR7102280005,STK
003410,쌍용C&E,KR7003410008,STK
010280,쌍용정보통신,KR7010280006,KSQ
003620,쌍용차,KR7003620002,STK
004770,써니전자,KR7004770004,STK
217320,썬테크,KR7217320001,KNX
208640,썸에이지,KR7208640003,KSQ
222420,쎄노텍,KR7222420002,KSQ
037760,쎄니트,KR7037760006,KSQ
099320,쎄트렉아이,KR7099320004,KSQ
015540,쎌마테라퓨틱스,KR7015540008,STK
049960,쎌바이오텍,KR7049960008,KSQ
403550,쏘카,KR7403550007,STK
050890,쏠리드,KR7050890003,KSQ
066790,씨씨에스,KR7066790007,KSQ
222080,씨아이에스,KR7222080004,KSQ
004920,씨아이테크,KR7004920005,STK
236030,씨알푸드,KR7236030003,KNX
103660,씨앗,KR7103660007,KNX
352480,씨앤씨인터내셔널,KR7352480008,KSQ
245450,씨앤에스링크,KR7245450002,KNX
264660,씨앤지하이테크,KR7264660002,KSQ
352700,씨앤투스성진,KR7352700009,KSQ
297090,씨에스베어링,KR7297090003,KSQ
112610,씨에스윈드,KR7112610001,STK
359090,씨엔알리서치,KR7359090008,KSQ
286000,씨엔티드림,KR7286000005,KNX
115530,씨엔플러스,KR7115530008,KSQ
115480,씨유메디칼,KR7115480006,KSQ
376290,씨유테크,KR7376290003,KSQ
189330,씨이랩,KR7189330004,KSQ
096530,씨젠,KR7096530001,KSQ
900120,씨케이에이치,KYG2114A1094,KSQ
101240,씨큐브,KR7101240000,KSQ
060590,씨티씨바이오,KR7060590007,KSQ
260930,씨티케이,KR7260930003,KSQ
013990,아가방컴퍼니,KR7013990007,KSQ
123860,아나패스,KR7123860009,KSQ
025980,아난티,KR7025980004,KSQ
008700,아남전자,KR7008700007,STK
058220,아리온,KR7058220005,KSQ
125210,아모그린텍,KR7125210005,KSQ
002790,아모레G,KR7002790004,STK
00279K,아모레G3우(전환),KR700279K010,STK
002795,아모레G우,KR7002791002,STK
090430,아모레퍼시픽,KR7090430000,STK
090435,아모레퍼시픽우,KR7090431008,STK
357580,아모센스,KR7357580000,KSQ
052710,아모텍,KR7052710001,KSQ
074430,아미노로직스,KR7074430000,KSQ
092040,아미코젠,KR7092040005,KSQ
083930,아바코,KR7083930008,KSQ
149950,아바텍,KR7149950008,KSQ
036010,아비코전자,KR7036010007,KSQ
002030,아세아,KR7002030005,STK
183190,아세아시멘트,KR7183190008,STK
002310,아세아제지,KR7002310001,STK
050860,아세아텍,KR7050860006,KSQ
012170,아센디오,KR7012170007,STK
136410,아셈스,KR7136410008,KSQ
246720,아스타,KR7246720007,KSQ
067390,아스트,KR7067390005,KSQ
159010,아스플로,KR7159010008,KSQ
127710,아시아경제,KR7127710002,KSQ
267850,아시아나IDT,KR7267850006,STK
020560,아시아나항공,KR7020560009,STK
154030,아시아종묘,KR7154030001,KSQ
227610,아우딘퓨쳐스,KR7227610003,KSQ
143160,아이디스,KR7143160000,KSQ
054800,아이디스홀딩스,KR7054800008,KSQ
332370,아이디피,KR7332370006,KSQ
122900,아이마켓코리아,KR7122900004,STK
339950,아이비김영,KR7339950008,KSQ
099190,아이센스,KR7099190001,KSQ
289010,아이스크림에듀,KR7289010001,KSQ
214430,아이쓰리시스템,KR7214430001,KSQ
040910,아이씨디,KR7040910002,KSQ
368600,아이씨에이치,KR7368600003,KSQ
052860,아이앤씨,KR7052860004,KSQ
010780,아이에스동서,KR7010780005,STK
069920,아이에스이커머스,KR7069920007,KSQ
038880,아이에이,KR7038880001,KSQ
307180,아이엘사이언스,KR7307180000,KSQ
101390,아이엠,KR7101390003,KSQ
078860,아이오케이,KR7078860004,KSQ
090150,아이윈,KR7090150004,KSQ
123010,아이윈플러스,KR7123010001,KSQ
031310,아이즈비전,KR7031310006,KSQ
185490,아이진,KR7185490000,KSQ
059100,아이컴포넌트,KR7059100008,KSQ
149010,아이케이세미콘,KR7149010001,KNX
262840,아이퀘스트,KR7262840002,KSQ
175250,아이큐어,KR7175250000,KSQ
052460,아이크래프트,KR7052460003,KSQ
119830,아이텍,KR7119830008,KSQ
052770,아이톡시,KR7052770005,KSQ
124500,아이티센,KR7124500000,KSQ
372800,아이티아이즈,KR7372800003,KSQ
084850,아이티엠반도체,KR7084850007,KSQ
114840,아이패밀리에스씨,KR7114840002,KSQ
027360,아주IB투자,KR7027360007,KSQ
139990,아주스틸,KR7139990006,STK
032080,아즈텍WB,KR7032080004,KSQ
013310,아진산업,KR7013310008,KSQ
059120,아진엑스텍,KR7059120006,KSQ
158430,아톤,KR7158430009,KSQ
149300,아퓨어스,KR7149300006,KNX
067160,아프리카TV,KR7067160002,KSQ
001540,안국약품,KR7001540004,KSQ
053800,안랩,KR7053800009,KSQ
251280,안지오랩,KR7251280004,KNX
065660,안트로젠,KR7065660003,KSQ
297570,알로이스,KR7297570004,KSQ
001780,알루코,KR7001780006,STK
260660,알리코제약,KR7260660006,KSQ
361570,알비더블유,KR7361570005,KSQ
131370,알서포트,KR7131370009,KSQ
140670,알에스오토메이션,KR7140670001,KSQ
096610,알에프세미,KR7096610001,KSQ
061040,알에프텍,KR7061040002,KSQ
148250,알엔투테크놀로지,KR7148250004,KSQ
347860,알체라,KR7347860009,KSQ
196170,알테오젠,KR7196170005,KSQ
123750,알톤스포츠,KR7123750002,KSQ
085810,알티캐스트,KR7085810000,KSQ
117670,알파홀딩스,KR7117670000,KSQ
314140,알피바이오,KR7314140005,KSQ
291650,압타머사이언스,KR7291650000,KSQ
293780,압타바이오,KR7293780003,KSQ
267810,앙츠,KR7267810000,KNX
018250,애경산업,KR7018250001,STK
161000,애경케미칼,KR7161000005,STK
196300,애니젠,KR7196300008,KSQ
310200,애니플러스,KR7310200001,KSQ
179530,애드바이오텍,KR7179530001,KSQ
900100,애머릿지,USU652221081,KSQ
205500,액션스퀘어,KR7205500002,KSQ
052790,액토즈소프트,KR7052790003,KSQ
290740,액트로,KR7290740000,KSQ
238090,앤디포스,KR7238090005,KSQ
092600,앤씨앤,KR7092600006,KSQ
129890,앱코,KR7129890000,KSQ
174900,앱클론,KR7174900001,KSQ
255440,야스,KR7255440000,KSQ
030960,양지사,KR7030960009,KSQ
102120,어보브반도체,KR7102120003,KSQ
263540,어스앤에어로스페이스,KR7263540007,KSQ
238120,얼라인드,KR7238120000,KSQ
224810,엄지하우스,KR7224810002,KNX
019990,에너토크,KR7019990001,KSQ
011090,에넥스,KR7011090008,STK
270660,에브리봇,KR7270660004,KSQ
038680,에스넷,KR7038680005,KSQ
137310,에스디바이오센서,KR7137310009,STK
217480,에스디생명공학,KR7217480003,KSQ
121890,에스디시스템,KR7121890008,KSQ
097780,에스맥,KR7097780001,KSQ
389500,에스비비테크,KR7389500000,KSQ
042110,에스씨디,KR7042110007,KSQ
298060,에스씨엠생명과학,KR7298060005,KSQ
065420,에스아이리소스,KR7065420002,KSQ
270210,에스알바이오텍,KR7270210008,KNX
103230,에스앤더블류,KR7103230009,KSQ
260970,에스앤디,KR7260970009,KSQ
101490,에스앤에스텍,KR7101490001,KSQ
095910,에스에너지,KR7095910006,KSQ
275630,에스에스알,KR7275630002,KSQ
031330,에스에이엠티,KR7031330004,KSQ
060540,에스에이티,KR7060540002,KSQ
351320,에스에이티이엔지,KR7351320007,KSQ
056190,에스에프에이,KR7056190002,KSQ
080000,에스엔유,KR7080000003,KSQ
086460,에스엔피제네틱스,KR7086460003,KNX
005850,에스엘,KR7005850003,STK
214310,에스엘바이오닉스,KR7214310005,KSQ
246250,에스엘에스바이오,KR7246250005,KNX
041510,에스엠,KR7041510009,KSQ
010580,에스엠벡셀,KR7010580009,STK
299670,에스엠비나,KR7299670000,KNX
007820,에스엠코어,KR7007820004,KSQ
109610,에스와이,KR7109610006,KSQ
012750,에스원,KR7012750006,STK
306040,에스제이그룹,KR7306040007,KSQ
217910,에스제이켐,KR7217910009,KNX
224020,에스케이씨에스,KR7224020008,KNX
408920,에스케이증권7호스팩,KR7408920007,KSQ
435870,에스케이증권제8호스팩,KR7435870001,KSQ
096630,에스코넥,KR7096630009,KSQ
069510,에스텍,KR7069510006,KSQ
041910,에스텍파마,KR7041910001,KSQ
234300,에스트래픽,KR7234300002,KSQ
039440,에스티아이,KR7039440003,KSQ
098660,에스티오,KR7098660004,KSQ
052020,에스티큐브,KR7052020005,KSQ
237690,에스티팜,KR7237690003,KSQ
050760,에스폴리텍,KR7050760008,KSQ
288620,에스퓨얼셀,KR7288620008,KSQ
317830,에스피시스템스,KR7317830008,KSQ
058610,에스피지,KR7058610007,KSQ
043340,에쎈테크,KR7043340009,KSQ
023960,에쓰씨엔지니어링,KR7023960008,STK
298690,에어부산,KR7298690009,STK
187660,에이디엠코리아,KR7187660006,KSQ
054630,에이디칩스,KR7054630009,KSQ
200710,에이디테크놀로지,KR7200710002,KSQ
096690,에이루트,KR7096690003,KSQ
140910,에이리츠,KR7140910001,STK
078520,에이블씨엔씨,KR7078520004,STK
298380,에이비엘바이오,KR7298380007,KSQ
203400,에이비온,KR7203400007,KSQ
195990,에이비프로바이오,KR7195990007,KSQ
003800,에이스침대,KR7003800000,KSQ
088800,에이스테크,KR7088800008,KSQ
241840,에이스토리,KR7241840008,KSQ
312610,에이에프더블류,KR7312610009,KSQ
015260,에이엔피,KR7015260003,STK
234070,에이원알폼,KR7234070001,KNX
072990,에이치시티,KR7072990005,KSQ
227100,에이치앤비디자인,KR7227100005,KSQ
044990,에이치엔에스하이텍,KR7044990000,KNX
239610,에이치엘사이언스,KR7239610009,KSQ
353070,에이치엠씨제4호스팩,KR7353070006,KSQ
353060,에이치엠씨제5호스팩,KR7353060007,KSQ
148930,에이치와이티씨,KR7148930001,KSQ
044780,에이치케이,KR7044780005,KSQ
357230,에이치피오,KR7357230002,KSQ
071670,에이테크솔루션,KR7071670004,KSQ
045660,에이텍,KR7045660008,KSQ
224110,에이텍티앤,KR7224110007,KSQ
230980,에이트원,KR7230980005,KSQ
021080,에이티넘인베스트,KR7021080007,KSQ
089530,에이티세미콘,KR7089530000,KSQ
200470,에이팩트,KR7200470003,KSQ
207490,에이펙스인텍,KR7207490004,KNX
262260,에이프로,KR7262260003,KSQ
007460,에이프로젠,KR7007460009,STK
109960,에이프로젠 H&G,KR7109960005,KSQ
003060,에이프로젠제약,KR7003060001,STK
397030,에이프릴바이오,KR7397030008,KSQ
244920,에이플러스에셋,KR7244920005,STK
089970,에이피티씨,KR7089970008,KSQ
230240,에치에프알,KR7230240004,KSQ
230360,에코마케팅,KR7230360000,KSQ
038870,에코바이오,KR7038870002,KSQ
128540,에코캡,KR7128540002,KSQ
086520,에코프로,KR7086520004,KSQ
247540,에코프로비엠,KR7247540008,KSQ
383310,에코프로에이치엔,KR7383310000,KSQ
038110,에코플라스틱,KR7038110003,KSQ
073540,에프알텍,KR7073540007,KSQ
064850,에프앤가이드,KR7064850001,KSQ
064090,에프앤리퍼블릭,KR7064090004,KSQ
036810,에프에스티,KR7036810000,KSQ
173940,에프엔씨엔터,KR7173940008,KSQ
083500,에프엔에스테크,KR7083500009,KSQ
054940,엑사이엔씨,KR7054940002,KSQ
043090,엑서지21,KR7043090000,KSQ
950130,엑세스바이오,KR8840090003,KSQ
205100,엑셈,KR7205100001,KSQ
070300,엑스큐어,KR7070300009,KSQ
092870,엑시콘,KR7092870005,KSQ
317870,엔바이오니아,KR7317870004,KSQ
067570,엔브이에이치코리아,KR7067570002,KSQ
236810,엔비티,KR7236810008,KSQ
140610,엔솔바이오사이언스,KR7140610007,KNX
333620,엔시스,KR7333620003,KSQ
101400,엔시트론,KR7101400000,KSQ
036570,엔씨소프트,KR7036570000,STK
217820,엔에스,KR7217820000,KSQ
031860,엔에스엔,KR7031860000,KSQ
238170,엔에스엠,KR7238170005,KNX
224760,엔에스컴퍼니,KR7224760009,KNX
380440,엔에이치스팩19호,KR7380440008,STK
391060,엔에이치스팩20호,KR7391060001,KSQ
396770,엔에이치스팩22호,KR7396770000,KSQ
422040,엔에이치스팩23호,KR7422040006,KSQ
437780,엔에이치스팩24호,KR7437780000,KSQ
438580,엔에이치스팩25호,KR7438580003,KSQ
265740,엔에프씨,KR7265740001,KSQ
354200,엔젠바이오,KR7354200008,KSQ
419080,엔젯,KR7419080007,KSQ
093510,엔지브이아이,KR7093510006,KNX
208860,엔지스테크널러지,KR7208860007,KSQ
183490,엔지켐생명과학,KR7183490002,KSQ
085310,엔케이,KR7085310001,STK
182400,엔케이맥스,KR7182400002,KSQ
348370,엔켐,KR7348370008,KSQ
069410,엔텔스,KR7069410009,KSQ
227950,엔투텍,KR7227950003,KSQ
291230,엔피,KR7291230001,KSQ
198080,엔피디,KR7198080004,KSQ
048830,엔피케이,KR7048830004,KSQ
096870,엘디티,KR7096870001,KSQ
276240,엘리비젼,KR7276240009,KNX
900140,엘브이엠씨홀딩스,KYG5307W1015,STK
376190,엘비루셈,KR7376190005,KSQ
061970,엘비세미콘,KR7061970000,KSQ
138690,엘아이에스,KR7138690003,KSQ
290650,엘앤씨바이오,KR7290650001,KSQ
066970,엘앤에프,KR7066970005,KSQ
156100,엘앤케이바이오,KR7156100000,KSQ
311060,엘에이티,KR7311060008,KNX
073110,엘엠에스,KR7073110009,KSQ
083310,엘오티베큠,KR7083310003,KSQ
037950,엘컴텍,KR7037950003,KSQ
170920,엘티씨,KR7170920003,KSQ
058630,엠게임,KR7058630005,KSQ
058970,엠로,KR7058970005,KSQ
019590,엠벤처투자,KR7019590009,KSQ
169330,엠브레인,KR7169330008,KSQ
097520,엠씨넥스,KR7097520001,STK
179290,엠아이텍,KR7179290002,KSQ
009780,엠에스씨,KR7009780008,KSQ
123040,엠에스오토텍,KR7123040008,KSQ
323230,엠에프엠코리아,KR7323230003,KSQ
033160,엠케이전자,KR7033160003,KSQ
347890,엠투아이,KR7347890006,KSQ
033310,엠투엔,KR7033310004,KSQ
259630,엠플러스,KR7259630002,KSQ
065150,엠피대산,KR7065150005,KSQ
050540,엠피씨플러스,KR7050540004,KSQ
115960,연우,KR7115960007,KSQ
060850,영림원소프트랩,KR7060850005,KSQ
014440,영보화학,KR7014440002,STK
007530,영신금속,KR7007530009,KSQ
143540,영우디에스피,KR7143540003,KSQ
111770,영원무역,KR7111770004,STK
009970,영원무역홀딩스,KR7009970005,STK
003520,영진약품,KR7003520004,STK
112290,영창케미칼,KR7112290002,KSQ
000670,영풍,KR7000670000,STK
036560,영풍정밀,KR7036560001,KSQ
006740,영풍제지,KR7006740005,STK
012280,영화금속,KR7012280004,STK
265560,영화테크,KR7265560003,KSQ
012160,영흥,KR7012160008,STK
036000,예림당,KR7036000008,KSQ
250930,예선테크,KR7250930005,KSQ
053280,예스24,KR7053280004,KSQ
015360,예스코홀딩스,KR7015360001,STK
122640,예스티,KR7122640006,KSQ
900300,오가닉티코스메틱,HK0000312568,KSQ
045060,오공,KR7045060001,KSQ
080520,오디텍,KR7080520000,KSQ
007310,오뚜기,KR7007310006,STK
039830,오로라,KR7039830005,KSQ
322310,오로스테크놀로지,KR7322310004,KSQ
046120,오르비텍,KR7046120002,KSQ
014940,오리엔탈정공,KR7014940001,KSQ
002630,오리엔트바이오,KR7002630002,STK
065500,오리엔트정공,KR7065500001,KSQ
271560,오리온,KR7271560005,STK
001800,오리온홀딩스,KR7001800002,STK
010470,오리콤,KR7010470003,KSQ
352910,오비고,KR7352910004,KSQ
053980,오상자이엘,KR7053980009,KSQ
052420,오성첨단소재,KR7052420007,KSQ
241790,오션브릿지,KR7241790005,KSQ
329020,오션스톤,KR7329020002,KNX
039200,오스코텍,KR7039200001,KSQ
226400,오스테오닉,KR7226400000,KSQ
031510,오스템,KR7031510001,KSQ
048260,오스템임플란트,KR7048260004,KSQ
368970,오에스피,KR7368970000,KSQ
138080,오이솔루션,KR7138080007,KSQ
080580,오킨스전자,KR7080580004,KSQ
067170,오텍,KR7067170001,KSQ
353590,오토앤,KR7353590003,KSQ
173130,오파스넷,KR7173130006,KSQ
049480,오픈베이스,KR7049480007,KSQ
394280,오픈엣지테크놀로지,KR7394280002,KSQ
309930,오하임아이엔티,KR7309930006,KSQ
244460,올리패스,KR7244460002,KSQ
226950,올릭스,KR7226950004,KSQ
057540,옴니시스템,KR7057540007,KSQ
131030,옵투스제약,KR7131030009,KSQ
082210,옵트론텍,KR7082210006,KSQ
109080,옵티시스,KR7109080002,KSQ
153710,옵티팜,KR7153710009,KSQ
321820,와이더플래닛,KR7321820003,KSQ
122990,와이솔,KR7122990005,KSQ
232140,와이아이케이,KR7232140004,KSQ
065530,와이어블,KR7065530008,KSQ
067900,와이엔텍,KR7067900001,KSQ
155650,와이엠씨,KR7155650005,KSQ
273640,와이엠텍,KR7273640003,KSQ
251370,와이엠티,KR7251370003,KSQ
066430,와이오엠,KR7066430000,KSQ
193250,와이제이엠게임즈,KR7193250008,KSQ
273060,와이즈버즈,KR7273060004,KSQ
019210,와이지-원,KR7019210004,KSQ
122870,와이지엔터테인먼트,KR7122870009,KSQ
011690,와이투솔루션,KR7011690005,STK
332570,와이팜,KR7332570001,KSQ
079000,와토스코리아,KR7079000006,KSQ
070960,용평리조트,KR7070960000,STK
316140,우리금융지주,KR7316140003,STK
032820,우리기술,KR7032820003,KSQ
041190,우리기술투자,KR7041190000,KSQ
115440,우리넷,KR7115440000,KSQ
046970,우리로,KR7046970000,KSQ
082850,우리바이오,KR7082850009,KSQ
215360,우리산업,KR7215360009,KSQ
072470,우리산업홀딩스,KR7072470008,KSQ
073560,우리손에프앤지,KR7073560005,KSQ
037400,우리엔터프라이즈,KR7037400009,KSQ
153490,우리이앤엘,KR7153490008,KSQ
010050,우리종금,KR7010050003,STK
101170,우림피티에스,KR7101170009,KSQ
006980,우성,KR7006980007,STK
066590,우수AMS,KR7066590001,KSQ
017370,우신시스템,KR7017370008,STK
103840,우양,KR7103840005,KSQ
046940,우원개발,KR7046940003,KSQ
215380,우정바이오,KR7215380007,KSQ
065680,우주일렉트로,KR7065680001,KSQ
105840,우진,KR7105840003,STK
018620,우진비앤지,KR7018620005,KSQ
010400,우진아이엔에스,KR7010400000,STK
049800,우진플라임,KR7049800006,STK
016880,웅진,KR7016880007,STK
095720,웅진씽크빅,KR7095720009,STK
005820,원림,KR7005820006,STK
307280,원바이오젠,KR7307280008,KSQ
053080,원방테크,KR7053080008,KSQ
032940,원익,KR7032940009,KSQ
240810,원익IPS,KR7240810002,KSQ
074600,원익QnC,KR7074600008,KSQ
104830,원익머트리얼즈,KR7104830005,KSQ
014190,원익큐브,KR7014190003,KSQ
131390,원익피앤이,KR7131390007,KSQ
030530,원익홀딩스,KR7030530000,KSQ
012620,원일특강,KR7012620001,KSQ
382840,원준,KR7382840007,KSQ
336570,원텍,KR7336570007,KSQ
376980,원티드랩,KR7376980009,KSQ
122830,원포유,KR7122830003,KNX
008370,원풍,KR7008370009,KSQ
008290,원풍물산,KR7008290009,KSQ
101160,월덱스,KR7101160000,KSQ
336060,웨이버스,KR7336060009,KSQ
095270,웨이브일렉트로,KR7095270005,KSQ
010600,웰바이오텍,KR7010600005,STK
065950,웰크론,KR7065950008,KSQ
076080,웰크론한텍,KR7076080001,KSQ
196700,웹스,KR7196700009,KSQ
069080,웹젠,KR7069080000,KSQ
053580,웹케시,KR7053580007,KSQ
071460,위니아,KR7071460000,KSQ
377460,위니아에이드,KR7377460001,KSQ
044340,위닉스,KR7044340008,KSQ
330350,위더스제약,KR7330350000,KSQ
348350,위드텍,KR7348350000,KSQ
112040,위메이드,KR7112040001,KSQ
101730,위메이드맥스,KR7101730000,KSQ
123420,위메이드플레이,KR7123420002,KSQ
065370,위세아이텍,KR7065370009,KSQ
140660,위월드,KR7140660002,KNX
038620,위즈코프,KR7038620001,KSQ
299900,위지윅스튜디오,KR7299900001,KSQ
036090,위지트,KR7036090009,KSQ
136540,윈스,KR7136540002,KSQ
320000,윈텍,KR7320000003,KSQ
097800,윈팩,KR7097800007,KSQ
192390,윈하이텍,KR7192390003,KSQ
313760,윌링스,KR7313760001,KSQ
008600,윌비스,KR7008600009,STK
335870,윙스풋,KR7335870002,KSQ
900340,윙입푸드,HK0000449303,KSQ
033270,유나이티드제약,KR7033270000,STK
064510,유네코,KR7064510001,KSQ
014830,유니드,KR7014830004,STK
036200,유니셈,KR7036200004,KSQ
018000,유니슨,KR7018000000,KSQ
000910,유니온,KR7000910000,STK
047400,유니온머티리얼,KR7047400007,STK
203450,유니온커뮤니티,KR7203450002,KSQ
011330,유니켐,KR7011330008,STK
077500,유니퀘스트,KR7077500007,STK
011320,유니크,KR7011320009,KSQ
086390,유니테스트,KR7086390002,KSQ
241690,유니테크노,KR7241690007,KSQ
142210,유니트론텍,KR7142210004,KSQ
121060,유니포인트,KR7121060008,KNX
048430,유라테크,KR7048430003,KSQ
206650,유바이오로직스,KR7206650004,KSQ
089850,유비벨록스,KR7089850002,KSQ
084440,유비온,KR7084440007,KSQ
032620,유비케어,KR7032620007,KSQ
264450,유비쿼스,KR7264450008,KSQ
078070,유비쿼스홀딩스,KR7078070000,KSQ
002920,유성기업,KR7002920007,STK
024800,유성티엔에스,KR7024800005,KSQ
000700,유수홀딩스,KR7000700005,STK
054930,유신,KR7054930003,KSQ
069330,유아이디,KR7069330009,KSQ
049520,유아이엘,KR7049520000,KSQ
435380,유안타제10호스팩,KR7435380001,KSQ
367460,유안타제7호스팩,KR7367460003,KSQ
367480,유안타제8호스팩,KR7367480001,KSQ
430700,유안타제9호스팩,KR7430700005,KSQ
003470,유안타증권,KR7003470002,STK
003475,유안타증권우,KR7003471000,STK
263770,유에스티,KR7263770000,KSQ
337840,유엑스엔,KR7337840003,KNX
072130,유엔젤,KR7072130008,STK
000220,유유제약,KR7000220004,STK
000225,유유제약1우,KR7000221002,STK
000227,유유제약2우B,KR7000222000,STK
388720,유일로보틱스,KR7388720005,KSQ
340930,유일에너테크,KR7340930007,KSQ
023410,유진기업,KR7023410004,KSQ
056080,유진로봇,KR7056080005,KSQ
373340,유진스팩6호,KR7373340009,KSQ
388800,유진스팩7호,KR7388800005,KSQ
413630,유진스팩8호,KR7413630005,KSQ
084370,유진테크,KR7084370006,KSQ
001200,유진투자증권,KR7001200005,STK
178780,유테크,KR7178780003,KSQ
221800,유투바이오,KR7221800006,KNX
179900,유티아이,KR7179900006,KSQ
263050,유틸렉스,KR7263050007,KSQ
000100,유한양행,KR7000100008,STK
000105,유한양행우,KR7000101006,STK
003460,유화증권,KR7003460003,STK
003465,유화증권우,KR7003461001,STK
191410,육일씨엔에쓰,KR7191410000,KSQ
372170,윤성에프앤씨,KR7372170001,KSQ
008730,율촌화학,KR7008730004,STK
072770,율호,KR7072770001,KSQ
008250,이건산업,KR7008250003,STK
039020,이건홀딩스,KR7039020003,KSQ
025820,이구산업,KR7025820002,STK
067920,이글루,KR7067920009,KSQ
044960,이글벳,KR7044960003,KSQ
303530,이노뎁,KR7303530000,KSQ
296640,이노룰스,KR7296640006,KSQ
302430,이노메트리,KR7302430004,KSQ
279060,이노벡스,KR7279060008,KNX
214320,이노션,KR7214320004,STK
056090,이노시스,KR7056090004,KSQ
073490,이노와이어리스,KR7073490005,KSQ
215790,이노인스트루먼트,KR7215790007,KSQ
344860,이노진,KR7344860002,KNX
246960,이노테라피,KR7246960009,KSQ
088390,이녹스,KR7088390000,KSQ
272290,이녹스첨단소재,KR7272290008,KSQ
053350,이니텍,KR7053350005,KSQ
041520,이라이콤,KR7041520008,KSQ
264850,이랜시스,KR7264850009,KSQ
054210,이랜텍,KR7054210000,KSQ
164060,이루다,KR7164060006,KSQ
065440,이루온,KR7065440000,KSQ
088260,이리츠코크렙,KR7088260005,STK
139480,이마트,KR7139480008,STK
115610,이미지스,KR7115610008,KSQ
349720,이베스트스팩5호,KR7349720003,KSQ
078020,이베스트투자증권,KR7078020005,KSQ
131400,이브이첨단소재,KR7131400004,KSQ
208850,이비테크,KR7208850008,KNX
351330,이삭엔지니어링,KR7351330006,KSQ
080010,이상네트웍스,KR7080010002,KSQ
379390,이성씨엔아이,KR7379390008,KNX
086890,이수앱지스,KR7086890001,KSQ
007660,이수페타시스,KR7007660004,STK
005950,이수화학,KR7005950001,STK
015020,이스타코,KR7015020001,STK
047560,이스트소프트,KR7047560008,KSQ
900110,이스트아시아홀딩스,HK0000057197,KSQ
067010,이씨에스,KR7067010009,KSQ
093230,이아이디,KR7093230001,STK
341310,이앤에치,KR7341310001,KNX
101360,이엔드디,KR7101360006,KSQ
102710,이엔에프테크놀로지,KR7102710001,KSQ
066980,이엔코퍼레이션,KR7066980004,KSQ
074610,이엔플러스,KR7074610007,STK
063760,이엘피,KR7063760003,KSQ
123570,이엠넷,KR7123570004,KSQ
083470,이엠앤아이,KR7083470005,KSQ
095190,이엠코리아,KR7095190005,KSQ
091120,이엠텍,KR7091120006,KSQ
232530,이엠티,KR7232530006,KNX
102460,이연제약,KR7102460003,STK
039030,이오테크닉스,KR7039030002,KSQ
294090,이오플로우,KR7294090006,KSQ
088290,이원컴포텍,KR7088290002,KSQ
084680,이월드,KR7084680008,STK
181340,이즈미디어,KR7181340001,KSQ
353810,이지바이오,KR7353810005,KSQ
350520,이지스레지던스리츠,KR7350520003,STK
334890,이지스밸류리츠,KR7334890001,STK
099750,이지케어텍,KR7099750002,KSQ
377330,이지트로닉스,KR7377330006,KSQ
035810,이지홀딩스,KR7035810001,KSQ
160600,이큐셀,KR7160600003,KSQ
092130,이크레더블,KR7092130004,KSQ
096040,이트론,KR7096040001,KSQ
134060,이퓨쳐,KR7134060003,KSQ
001840,이화공영,KR7001840008,KSQ
000760,이화산업,KR7000760009,STK
024810,이화전기,KR7024810004,KSQ
014990,인디에프,KR7014990006,STK
041830,인바디,KR7041830001,KSQ
352940,인바이오,KR7352940001,KSQ
101140,인바이오젠,KR7101140002,STK
216400,인바이츠바이오코아,KR7216400002,KNX
079950,인베니아,KR7079950002,KSQ
389470,인벤티지랩,KR7389470006,KSQ
277410,인산가,KR7277410007,KSQ
060150,인선이엔티,KR7060150000,KSQ
033230,인성정보,KR7033230004,KSQ
006490,인스코비,KR7006490007,STK
037330,인지디스플레,KR7037330008,KSQ
100030,인지소프트,KR7100030006,KSQ
023800,인지컨트롤스,KR7023800006,STK
034590,인천도시가스,KR7034590000,STK
211050,인카금융서비스,KR7211050000,KSQ
083640,인콘,KR7083640003,KSQ
216050,인크로스,KR7216050005,KSQ
049070,인탑스,KR7049070006,KSQ
119610,인터로조,KR7119610004,KSQ
017250,인터엠,KR7017250002,KSQ
129260,인터지스,KR7129260006,STK
051370,인터플렉스,KR7051370005,KSQ
064290,인텍플러스,KR7064290000,KSQ
189300,인텔리안테크,KR7189300007,KSQ
150840,인트로메딕,KR7150840007,KSQ
048530,인트론바이오,KR7048530000,KSQ
023810,인팩,KR7023810005,STK
175140,인포마크,KR7175140003,KSQ
115310,인포바인,KR7115310005,KSQ
039290,인포뱅크,KR7039290002,KSQ
071200,인피니트헬스케어,KR7071200000,KSQ
101930,인화정공,KR7101930006,KSQ
249420,일동제약,KR7249420001,STK
000230,일동홀딩스,KR7000230003,STK
013360,일성건설,KR7013360003,STK
003120,일성신약,KR7003120003,STK
333430,일승,KR7333430007,KSQ
068330,일신바이오,KR7068330000,KSQ
003200,일신방직,KR7003200003,STK
007110,일신석재,KR7007110000,STK
058450,일야,KR7058450008,KSQ
007570,일양약품,KR7007570005,STK
007575,일양약품우,KR7007571003,STK
008500,일정실업,KR7008500001,STK
019540,일지테크,KR7019540004,KSQ
081000,일진다이아,KR7081000002,STK
020760,일진디스플,KR7020760005,STK
020150,일진머티리얼즈,KR7020150009,STK
103590,일진전기,KR7103590006,STK
094820,일진파워,KR7094820008,KSQ
271940,일진하이솔루스,KR7271940009,STK
015860,일진홀딩스,KR7015860000,STK
226320,잇츠한불,KR7226320000,STK
950140,잉글우드랩,KR8840110108,KSQ
049550,잉크테크,KR7049550007,KSQ
254120,자비스,KR7254120009,KSQ
043910,자연과환경,KR7043910009,KSQ
234920,자이글,KR7234920007,KSQ
289220,자이언트스텝,KR7289220006,KSQ
317400,자이에스앤디,KR7317400000,STK
033240,자화전자,KR7033240003,STK
174880,장원테크,KR7174880005,KSQ
049630,재영솔루텍,KR7049630007,KSQ
417840,저스템,KR7417840006,KSQ
000950,전방,KR7000950006,STK
110020,전진바이오팜,KR7110020005,KSQ
208140,정다운,KR7208140004,KSQ
040420,정상제이엘에스,KR7040420002,KSQ
045510,정원엔시스,KR7045510005,KSQ
217190,제너셈,KR7217190008,KSQ
095700,제넥신,KR7095700001,KSQ
072520,제넨바이오,KR7072520000,KSQ
122310,제노레이,KR7122310006,KSQ
361390,제노코,KR7361390008,KSQ
066830,제노텍,KR7066830001,KNX
187420,제노포커스,KR7187420005,KSQ
225220,제놀루션,KR7225220003,KSQ
123330,제닉,KR7123330003,KSQ
159580,제로투세븐,KR7159580000,KSQ
147830,제룡산업,KR7147830004,KSQ
033100,제룡전기,KR7033100009,KSQ
079370,제우스,KR7079370003,KSQ
054950,제이브이엠,KR7054950001,KSQ
023440,제이스코홀딩스,KR7023440001,KSQ
090470,제이스텍,KR7090470006,KSQ
287410,제이시스메디칼,KR7287410005,KSQ
137950,제이씨케미칼,KR7137950002,KSQ
033320,제이씨현시스템,KR7033320003,KSQ
417500,제이아이테크,KR7417500006,KSQ
348950,제이알글로벌리츠,KR7348950007,STK
204270,제이앤티씨,KR7204270003,KSQ
194370,제이에스코퍼레이션,KR7194370003,STK
026040,제이에스티나,KR7026040006,KSQ
126880,제이엔케이히터,KR7126880004,KSQ
322510,제이엘케이,KR7322510009,KSQ
254160,제이엠멀티,KR7254160005,KNX
033050,제이엠아이,KR7033050006,KSQ
094970,제이엠티,KR7094970001,KSQ
058420,제이웨이,KR7058420001,KSQ
025620,제이준코스메틱,KR7025620006,STK
089790,제이티,KR7089790000,KSQ
030000,제일기획,KR7030000004,STK
052670,제일바이오,KR7052670007,KSQ
271980,제일약품,KR7271980005,STK
001560,제일연마,KR7001560002,STK
199820,제일전기공업,KR7199820002,KSQ
038010,제일테크노스,KR7038010005,KSQ
002620,제일파마홀딩스,KR7002620003,STK
276730,제주맥주,KR7276730009,KSQ
080220,제주반도체,KR7080220007,KSQ
006220,제주은행,KR7006220008,STK
089590,제주항공,KR7089590004,STK
216080,제테마,KR7216080002,KSQ
229000,젠큐릭스,KR7229000005,KSQ
248020,젬,KR7248020000,KNX
082270,젬백스,KR7082270000,KSQ
064800,젬백스링크,KR7064800006,KSQ
044060,조광ILI,KR7044060002,KSQ
004910,조광페인트,KR7004910006,STK
004700,조광피혁,KR7004700001,STK
001550,조비,KR7001550003,STK
000480,조선내화,KR7000480004,STK
120030,조선선재,KR7120030002,STK
034940,조아제약,KR7034940007,KSQ
067000,조이시티,KR7067000000,KSQ
018470,조일알미늄,KR7018470005,STK
002600,조흥,KR7002600005,STK
185750,종근당,KR7185750007,STK
063160,종근당바이오,KR7063160006,STK
001630,종근당홀딩스,KR7001630003,STK
033340,좋은사람들,KR7033340001,KSQ
036930,주성엔지니어링,KR7036930006,KSQ
044380,주연테크,KR7044380004,STK
239340,줌인터넷,KR7239340003,KSQ
051980,중앙디앤엠,KR7051980001,KSQ
072020,중앙백신,KR7072020001,KSQ
000440,중앙에너비스,KR7000440008,KSQ
078650,지나인제약,KR7078650009,KSQ
228760,지노믹트리,KR7228760005,KSQ
314130,지놈앤컴퍼니,KR7314130006,KSQ
013890,지누스,KR7013890009,STK
389030,지니너스,KR7389030008,KSQ
043610,지니뮤직,KR7043610005,KSQ
263860,지니언스,KR7263860009,KSQ
303030,지니틱스,KR7303030001,KSQ
036180,지더블유바이텍,KR7036180008,KSQ
208350,지란지교시큐리티,KR7208350009,KSQ
144510,지씨셀,KR7144510005,KSQ
382480,지아이텍,KR7382480002,KSQ
382800,지앤비에스엔지니어링,KR7382800001,KSQ
299480,지앤이헬스케어,KR7299480004,KNX
051160,지어소프트,KR7051160000,KSQ
053050,지에스이,KR7053050001,KSQ
119850,지엔씨에너지,KR7119850006,KSQ
270520,지엔원에너지,KR7270520000,KSQ
065060,지엔코,KR7065060006,KSQ
204840,지엘팜텍,KR7204840003,KSQ
013870,지엠비코리아,KR7013870001,STK
071320,지역난방공사,KR7071320006,STK
311320,지오엘리먼트,KR7311320006,KSQ
035000,지투알,KR7035000009,STK
388050,지투파워,KR7388050007,KSQ
219750,지티지웰니스,KR7219750007,KSQ
088790,진도,KR7088790001,STK
018120,진로발효,KR7018120006,KSQ
109820,진매트릭스,KR7109820001,KSQ
086060,진바이오텍,KR7086060001,KSQ
036890,진성티이씨,KR7036890002,KSQ
363250,진시스템,KR7363250002,KSQ
003780,진양산업,KR7003780004,STK
007370,진양제약,KR7007370000,KSQ
010640,진양폴리,KR7010640001,STK
100250,진양홀딩스,KR7100250000,STK
051630,진양화학,KR7051630002,STK
272450,진에어,KR7272450008,STK
011000,진원생명과학,KR7011000007,STK
250030,진코스텍,KR7250030004,KNX
002780,진흥기업,KR7002780005,STK
002787,진흥기업2우B,KR7002782001,STK
002785,진흥기업우B,KR7002781003,STK
233990,질경이,KR7233990001,KNX
085660,차바이오텍,KR7085660009,KSQ
261780,차백신연구소,KR7261780001,KSQ
009310,참엔지니어링,KR7009310004,STK
094850,참좋은여행,KR7094850005,KSQ
004650,창해에탄올,KR7004650008,KSQ
278280,천보,KR7278280003,KSQ
000650,천일고속,KR7000650002,STK
140290,청광건설,KR7140290008,KNX
362320,청담글로벌,KR7362320004,KSQ
066360,체리부로,KR7066360009,KSQ
033250,체시스,KR7033250002,STK
047820,초록뱀미디어,KR7047820006,KSQ
131100,초록뱀이앤엠,KR7131100000,KSQ
052300,초록뱀컴퍼니,KR7052300001,KSQ
118000,초록뱀헬스케어,KR7118000009,STK
094360,칩스앤미디어,KR7094360005,KSQ
016790,카나리아바이오,KR7016790008,KSQ
016920,카스,KR7016920001,KSQ
284620,카이노스메드,KR7284620002,KSQ
035720,카카오,KR7035720002,STK
293490,카카오게임즈,KR7293490009,KSQ
323410,카카오뱅크,KR7323410001,STK
377300,카카오페이,KR7377300009,STK
042000,카페24,KR7042000000,KSQ
006380,카프로,KR7006380000,STK
317530,캐리소프트,KR7317530004,KSQ
071850,캐스텍코리아,KR7071850002,KSQ
050110,캠시스,KR7050110006,KSQ
223310,커머스마이너,KR7223310004,KSQ
109070,컨버즈,KR7109070003,STK
900310,컬러레이,HK0000341732,KSQ
078340,컴투스,KR7078340007,KSQ
063080,컴투스홀딩스,KR7063080006,KSQ
307930,컴퍼니케이,KR7307930008,KSQ
079190,케스피온,KR7079190005,KSQ
263700,케어랩스,KR7263700007,KSQ
214370,케어젠,KR7214370009,KSQ
221980,케이디켐,KR7221980006,KSQ
001620,케이비아이동국실업,KR7001620004,STK
342550,케이비제20호스팩,KR7342550001,KSQ
424140,케이비제21호스팩,KR7424140002,KSQ
436530,케이비제22호스팩,KR7436530000,KSQ
440200,케이비제23호스팩,KR7440200004,KSQ
192250,케이사인,KR7192250009,KSQ
029460,케이씨,KR7029460003,STK
115500,케이씨에스,KR7115500001,KSQ
281820,케이씨텍,KR7281820001,STK
089150,케이씨티,KR7089150007,KSQ
025880,케이씨피드,KR7025880006,KSQ
093320,케이아이엔엑스,KR7093320000,KSQ
073010,케이에스피,KR7073010001,KSQ
105330,케이엔더블유,KR7105330005,KSQ
272110,케이엔제이,KR7272110008,KSQ
039420,케이엘넷,KR7039420005,KSQ
083550,케이엠,KR7083550004,KSQ
032500,케이엠더블유,KR7032500001,KSQ
225430,케이엠제약,KR7225430008,KSQ
102370,케이옥션,KR7102370004,KSQ
381970,케이카,KR7381970003,STK
145270,케이탑리츠,KR7145270005,STK
036030,케이티알파,KR7036030005,KSQ
064820,케이프,KR7064820004,KSQ
256940,케이피에스,KR7256940008,KSQ
024880,케이피에프,KR7024880007,KSQ
042040,케이피엠테크,KR7042040006,KSQ
054410,케이피티유,KR7054410006,KSQ
258610,케일럼,KR7258610005,KSQ
274090,켄코아에어로스페이스,KR7274090000,KSQ
402420,켈스,KR7402420004,KNX
217600,켐온,KR7217600006,KSQ
089010,켐트로닉스,KR7089010003,KSQ
220260,켐트로스,KR7220260004,KSQ
176590,코나솔,KR7176590008,KNX
052400,코나아이,KR7052400009,KSQ
402030,코난테크놀로지,KR7402030001,KSQ
391710,코닉오토메이션,KR7391710001,KSQ
046070,코다코,KR7046070009,KSQ
047770,코데즈컴바인,KR7047770003,KSQ
078940,코드네이처,KR7078940004,KSQ
080530,코디,KR7080530009,KSQ
417310,코람코더원리츠,KR7417310000,STK
357120,코람코에너지리츠,KR7357120005,STK
104540,코렌텍,KR7104540000,KSQ
027050,코리아나,KR7027050004,KSQ
290510,코리아센터,KR7290510007,KSQ
007815,코리아써우,KR7007811003,STK
007810,코리아써키트,KR7007810005,STK
00781K,코리아써키트2우B,KR700781K015,STK
190650,코리아에셋투자증권,KR7190650002,KSQ
123410,코리아에프티,KR7123410003,KSQ
003690,코리안리,KR7003690005,STK
036690,코맥스,KR7036690006,KSQ
049430,코메론,KR7049430002,KSQ
183300,코미코,KR7183300003,KSQ
041960,코미팜,KR7041960006,KSQ
089890,코세스,KR7089890008,KSQ
009730,코센,KR7009730003,KSQ
189350,코셋,KR7189350002,KNX
082660,코스나인,KR7082660002,KSQ
192820,코스맥스,KR7192820009,STK
044820,코스맥스비티아이,KR7044820009,STK
222040,코스맥스엔비티,KR7222040008,KSQ
241710,코스메카코리아,KR7241710003,KSQ
005070,코스모신소재,KR7005070008,STK
005420,코스모화학,KR7005420005,STK
069110,코스온,KR7069110005,KSQ
169670,코스텍시스템,KR7169670007,KNX
071950,코아스,KR7071950000,STK
166480,코아스템,KR7166480004,KSQ
045970,코아시아,KR7045970001,KSQ
196450,코아시아옵틱스,KR7196450001,KSQ
029960,코엔텍,KR7029960002,KSQ
002020,코오롱,KR7002020006,STK
003070,코오롱글로벌,KR7003070000,STK
003075,코오롱글로벌우,KR7003071008,STK
102940,코오롱생명과학,KR7102940004,KSQ
002025,코오롱우,KR7002021004,STK
120110,코오롱인더,KR7120110002,STK
120115,코오롱인더우,KR7120111000,STK
950160,코오롱티슈진,KR8840120008,KSQ
138490,코오롱플라스틱,KR7138490008,STK
056000,코원플레이,KR7056000003,KSQ
021240,코웨이,KR7021240007,STK
033290,코웰패션,KR7033290008,KSQ
056360,코위버,KR7056360001,KSQ
282880,코윈테크,KR7282880004,KSQ
121850,코이즈,KR7121850002,KSQ
015710,코콤,KR7015710007,KSQ
052330,코텍,KR7052330008,KSQ
322780,코퍼스코리아,KR7322780008,KSQ
126600,코프라,KR7126600006,KSQ
036420,콘텐트리중앙,KR7036420008,STK
200130,콜마비앤에이치,KR7200130003,KSQ
031820,콤텍시스템,KR7031820004,STK
294570,쿠콘,KR7294570007,KSQ
192400,쿠쿠홀딩스,KR7192400000,STK
284740,쿠쿠홈시스,KR7284740008,STK
317690,퀀타매트릭스,KR7317690006,KSQ
365270,큐라클,KR7365270008,KSQ
060280,큐렉소,KR7060280005,KSQ
015590,큐로,KR7015590003,STK
040350,큐로컴,KR7040350001,KSQ
051780,큐로홀딩스,KR7051780005,KSQ
115180,큐리언트,KR7115180002,KSQ
182360,큐브엔터,KR7182360008,KSQ
405100,큐알티,KR7405100009,KSQ
066310,큐에스아이,KR7066310004,KSQ
136660,큐엠씨,KR7136660008,KNX
016600,큐캐피탈,KR7016600009,KSQ
264900,크라운제과,KR7264900002,STK
26490K,크라운제과우,KR726490K013,STK
005740,크라운해태홀딩스,KR7005740006,STK
005745,크라운해태홀딩스우,KR7005741004,STK
259960,크래프톤,KR7259960003,STK
096240,크레버스,KR7096240007,KSQ
215570,크로넥스,KR7215570003,KNX
043590,크로바하이텍,KR7043590009,KSQ
114120,크루셜텍,KR7114120009,KSQ
110790,크리스에프앤씨,KR7110790003,KSQ
900250,크리스탈신소재,KYG2115T1076,KSQ
083790,크리스탈지노믹스,KR7083790006,KSQ
045520,크린앤사이언스,KR7045520004,KSQ
036170,클라우드에어,KR7036170009,KSQ
214150,클래시스,KR7214150005,KSQ
352770,클리노믹스,KR7352770002,KSQ
237880,클리오,KR7237880000,KSQ
139670,키네마스터,KR7139670004,KSQ
020120,키다리스튜디오,KR7020120002,STK
413600,키움제6호스팩,KR7413600008,KSQ
433530,키움제7호스팩,KR7433530003,KSQ
039490,키움증권,KR7039490008,STK
054780,키이스트,KR7054780002,KSQ
336040,타스컴,KR7336040001,KNX
219130,타이거일렉,KR7219130002,KSQ
318660,타임기술,KR7318660008,KNX
434190,탈로스,KR7434190005,KNX
360070,탑머티리얼,KR7360070007,KSQ
180060,탑선,KR7180060006,KNX
065130,탑엔지니어링,KR7065130007,KSQ
134580,탑코미디어,KR7134580000,KSQ
014580,태경비케이,KR7014580005,STK
015890,태경산업,KR7015890007,STK
006890,태경케미컬,KR7006890008,STK
023160,태광,KR7023160005,KSQ
003240,태광산업,KR7003240009,STK
011280,태림포장,KR7011280005,STK
323280,태성,KR7323280008,KSQ
053620,태양,KR7053620001,KSQ
004100,태양금속,KR7004100004,STK
004105,태양금속우,KR7004101002,STK
116100,태양기계,KR7116100009,KNX
009410,태영건설,KR7009410002,STK
009415,태영건설우,KR7009411000,STK
044490,태웅,KR7044490001,KSQ
124560,태웅로직스,KR7124560004,KSQ
001420,태원물산,KR7001420009,STK
007980,태평양물산,KR7007980006,STK
191420,테고사이언스,KR7191420009,KSQ
073640,테라사이언스,KR7073640005,KSQ
066700,테라젠이텍스,KR7066700006,KSQ
095610,테스,KR7095610002,KSQ
055490,테이팩스,KR7055490007,STK
308700,테크엔,KR7308700004,KNX
089030,테크윙,KR7089030001,KSQ
258050,테크트랜스,KR7258050004,KNX
054450,텔레칩스,KR7054450002,KSQ
091440,텔레필드,KR7091440008,KSQ
078000,텔코웨어,KR7078000007,STK
200230,텔콘RF제약,KR7200230001,KSQ
214420,토니모리,KR7214420002,STK
393210,토마토시스템,KR7393210000,KNX
215480,토박스코리아,KR7215480005,KSQ
051360,토비스,KR7051360006,KSQ
045340,토탈소프트,KR7045340007,KSQ
108230,톱텍,KR7108230004,KSQ
079970,투비소프트,KR7079970000,KSQ
199800,툴젠,KR7199800004,KSQ
105550,트루윈,KR7105550008,KSQ
290090,트윔,KR7290090000,KSQ
026150,특수건설,KR7026150003,KSQ
322180,티라유텍,KR7322180001,KSQ
117730,티로보틱스,KR7117730002,KSQ
033830,티비씨,KR7033830001,KSQ
057680,티사이언티픽,KR7057680001,KSQ
204610,티쓰리,KR7204610000,KSQ
064760,티씨케이,KR7064760002,KSQ
246710,티앤알바이오팹,KR7246710008,KSQ
340570,티앤엘,KR7340570001,KSQ
043220,티에스넥스젠,KR7043220003,KSQ
277880,티에스아이,KR7277880001,KSQ
131290,티에스이,KR7131290009,KSQ
019180,티에이치엔,KR7019180009,STK
425420,티에프이,KR7425420007,KSQ
356860,티엘비,KR7356860007,KSQ
062860,티엘아이,KR7062860002,KSQ
413300,티엘엔지니어링,KR7413300005,KNX
363280,티와이홀딩스,KR7363280009,STK
36328K,티와이홀딩스우,KR736328K013,STK
321550,티움바이오,KR7321550006,KSQ
091810,티웨이항공,KR7091810002,STK
004870,티웨이홀딩스,KR7004870002,STK
104480,티케이케미칼,KR7104480009,KSQ
081150,티플랙스,KR7081150005,KSQ
130740,티피씨글로벌,KR7130740004,KSQ
217880,틸론,KR7217880004,KNX
084730,팅크웨어,KR7084730001,KSQ
046210,파나진,KR7046210001,KSQ
058530,파나케이아,KR7058530007,KSQ
034230,파라다이스,KR7034230003,KSQ
033540,파라텍,KR7033540006,KSQ
043200,파루,KR7043200005,KSQ
214450,파마리서치,KR7214450009,KSQ
217950,파마리서치바이오,KR7217950005,KNX
208340,파멥신,KR7208340000,KSQ
005690,파미셀,KR7005690003,STK
177830,파버나인,KR7177830007,KSQ
037070,파세코,KR7037070000,KSQ
150900,파수,KR7150900009,KSQ
037030,파워넷,KR7037030004,KSQ
047310,파워로직스,KR7047310008,KSQ
266870,파워풀엑스,KR7266870005,KNX
368770,파이버프로,KR7368770004,KSQ
170790,파이오링크,KR7170790000,KSQ
049120,파인디앤씨,KR7049120009,KSQ
038950,파인디지털,KR7038950002,KSQ
441270,파인엠텍,KR7441270006,KSQ
106240,파인테크닉스,KR7106240005,KSQ
131760,파인텍,KR7131760001,KSQ
065690,파커스,KR7065690000,KSQ
140860,파크시스템스,KR7140860008,KSQ
091700,파트론,KR7091700005,KSQ
202960,판도라티비,KR7202960001,KNX
032800,판타지오,KR7032800005,KSQ
318010,팜스빌,KR7318010006,KSQ
036580,팜스코,KR7036580009,STK
027710,팜스토리,KR7027710003,KSQ
004720,팜젠사이언스,KR7004720009,STK
225590,패션플랫폼,KR7225590009,KSQ
054300,팬스타엔터프라이즈,KR7054300009,KSQ
068050,팬엔터테인먼트,KR7068050004,KSQ
028670,팬오션,KR7028670008,STK
222110,팬젠,KR7222110009,KSQ
010820,퍼스텍,KR7010820009,STK
016800,퍼시스,KR7016800005,STK
263750,펄어비스,KR7263750002,KSQ
251970,펌텍코리아,KR7251970000,KSQ
001020,페이퍼코리아,KR7001020007,STK
327610,펨토바이오메드,KR7327610002,KNX
087010,펩트론,KR7087010005,KSQ
090080,평화산업,KR7090080003,STK
010770,평화홀딩스,KR7010770006,STK
119500,포메탈,KR7119500007,KSQ
389140,포바이포,KR7389140005,KSQ
022100,포스코 ICT,KR7022100002,KSQ
058430,포스코스틸리온,KR7058430000,STK
009520,포스코엠텍,KR7009520008,KSQ
047050,포스코인터내셔널,KR7047050000,STK
003670,포스코케미칼,KR7003670007,STK
189690,포시에스,KR7189690001,KSQ
318020,포인트모바일,KR7318020005,KSQ
256630,포인트엔지니어링,KR7256630005,KSQ
331380,포커스에이치엔에스,KR7331380006,KSQ
234100,폴라리스세원,KR7234100006,KSQ
041020,폴라리스오피스,KR7041020009,KSQ
114630,폴라리스우노,KR7114630007,KSQ
290720,푸드나무,KR7290720002,KSQ
005670,푸드웰,KR7005670005,KSQ
094940,푸른기술,KR7094940004,KSQ
007330,푸른저축은행,KR7007330004,KSQ
017810,풀무원,KR7017810003,STK
093380,풍강,KR7093380004,KSQ
023900,풍국주정,KR7023900004,KSQ
103140,풍산,KR7103140000,STK
005810,풍산홀딩스,KR7005810007,STK
371950,풍원정밀,KR7371950007,KSQ
370090,퓨런티어,KR7370090003,KSQ
341170,퓨쳐메디신,KR7341170009,KNX
220100,퓨쳐켐,KR7220100002,KSQ
035200,프럼파스트,KR7035200005,KSQ
334970,프레스티지바이오로직스,KR7334970001,KSQ
950210,프레스티지바이오파마,KR8702070002,STK
203690,프로스테믹스,KR7203690003,KSQ
321260,프로이천,KR7321260002,KSQ
303360,프로테옴텍,KR7303360002,KNX
053610,프로텍,KR7053610002,KSQ
377220,프롬바이오,KR7377220009,KSQ
335810,프리시젼바이오,KR7335810008,KSQ
053160,프리엠스,KR7053160008,KSQ
405000,플라즈맵,KR7405000001,KSQ
041590,플래스크,KR7041590001,KSQ
367000,플래티어,KR7367000007,KSQ
075130,플랜티넷,KR7075130005,KSQ
222670,플럼라인생명과학,KR7222670002,KNX
009810,플레이그램,KR7009810003,STK
237820,플레이디,KR7237820006,KSQ
023770,플레이위드,KR7023770001,KSQ
300080,플리토,KR7300080009,KSQ
150440,피노텍,KR7150440006,KNX
032580,피델릭스,KR7032580003,KSQ
051380,피씨디렉트,KR7051380004,KSQ
241820,피씨엘,KR7241820000,KSQ
237750,피앤씨테크,KR7237750005,KSQ
024850,피에스엠씨,KR7024850000,KSQ
319660,피에스케이,KR7319660007,KSQ
031980,피에스케이홀딩스,KR7031980006,KSQ
002230,피에스텍,KR7002230001,KSQ
057880,피에이치씨,KR7057880007,KSQ
043370,피에이치에이,KR7043370006,KSQ
242350,피엔아이컴퍼니,KR7242350007,KNX
239890,피엔에이치테크,KR7239890007,KSQ
347740,피엔케이피부임상연구센타,KR7347740003,KSQ
137400,피엔티,KR7137400008,KSQ
128660,피제이메탈,KR7128660008,KSQ
006140,피제이전자,KR7006140008,KSQ
376180,피코그램,KR7376180006,KSQ
304840,피플바이오,KR7304840002,KSQ
062970,피피아이,KR7062970009,KSQ
087600,픽셀플러스,KR7087600003,KSQ
291810,핀텔,KR7291810000,KSQ
161580,필옵틱스,KR7161580006,KSQ
347770,핌스,KR7347770000,KSQ
163730,핑거,KR7163730005,KSQ
341160,하나금융15호스팩,KR7341160000,KSQ
343510,하나금융16호스팩,KR7343510004,KSQ
388220,하나금융19호스팩,KR7388220006,KSQ
400560,하나금융20호스팩,KR7400560009,KSQ
406760,하나금융21호스팩,KR7406760009,KSQ
418170,하나금융22호스팩,KR7418170007,KSQ
427950,하나금융23호스팩,KR7427950001,KSQ
430230,하나금융24호스팩,KR7430230003,KSQ
435620,하나금융25호스팩,KR7435620000,KSQ
086790,하나금융지주,KR7086790003,STK
299030,하나기술,KR7299030007,KSQ
067310,하나마이크론,KR7067310003,KSQ
372290,하나머스트7호스팩,KR7372290007,KSQ
166090,하나머티리얼즈,KR7166090001,KSQ
293480,하나제약,KR7293480000,STK
039130,하나투어,KR7039130000,STK
136480,하림,KR7136480001,KSQ
003380,하림지주,KR7003380003,KSQ
101670,하이드로리튬,KR7101670008,KSQ
365590,하이딥,KR7365590009,KSQ
149980,하이로닉,KR7149980005,KSQ
013030,하이록코리아,KR7013030002,KSQ
352820,하이브,KR7352820005,STK
126700,하이비젼시스템,KR7126700004,KSQ
106080,하이소닉,KR7106080005,KSQ
071090,하이스틸,KR7071090005,STK
377400,하이제6호스팩,KR7377400007,KSQ
400840,하이제7호스팩,KR7400840005,KSQ
221840,하이즈항공,KR7221840002,KSQ
106190,하이텍팜,KR7106190002,KSQ
019490,하이트론,KR7019490002,STK
000080,하이트진로,KR7000080002,STK
000087,하이트진로2우B,KR7000082008,STK
000140,하이트진로홀딩스,KR7000140004,STK
000145,하이트진로홀딩스우,KR7000141002,STK
373200,하인크코리아,KR7373200005,KSQ
066130,하츠,KR7066130006,KSQ
152550,한국ANKOR유전,KR7152550000,STK
004590,한국가구,KR7004590006,KSQ
036460,한국가스공사,KR7036460004,STK
039340,한국경제TV,KR7039340005,KSQ
005430,한국공항,KR7005430004,STK
071050,한국금융지주,KR7071050009,STK
071055,한국금융지주우,KR7071051007,STK
034950,한국기업평가,KR7034950006,KSQ
010040,한국내화,KR7010040004,STK
025540,한국단자,KR7025540006,STK
222980,한국맥널티,KR7222980005,KSQ
331660,한국미라클피플사,KR7331660001,KNX
256840,한국비엔씨,KR7256840000,KSQ
004090,한국석유,KR7004090007,STK
025550,한국선재,KR7025550005,KSQ
002200,한국수출포장,KR7002200004,STK
002960,한국쉘석유,KR7002960003,STK
017890,한국알콜,KR7017890005,KSQ
000240,한국앤컴퍼니,KR7000240002,STK
080720,한국유니온제약,KR7080720006,KSQ
123890,한국자산신탁,KR7123890006,STK
015760,한국전력,KR7015760002,STK
063570,한국전자금융,KR7063570006,KSQ
041460,한국전자인증,KR7041460007,KSQ
006200,한국전자홀딩스,KR7006200000,STK
101680,한국정밀기계,KR7101680007,KSQ
039740,한국정보공학,KR7039740006,KSQ
053300,한국정보인증,KR7053300000,KSQ
025770,한국정보통신,KR7025770009,KSQ
409570,한국제10호스팩,KR7409570009,KSQ
436610,한국제11호스팩,KR7436610000,KSQ
009540,한국조선해양,KR7009540006,STK
023350,한국종합기술,KR7023350002,STK
025890,한국주강,KR7025890005,STK
000970,한국주철관,KR7000970004,STK
104700,한국철강,KR7104700000,STK
017960,한국카본,KR7017960006,STK
023760,한국캐피탈,KR7023760002,KSQ
054040,한국컴퓨터,KR7054040001,KSQ
161890,한국콜마,KR7161890009,STK
024720,한국콜마홀딩스,KR7024720005,STK
021650,한국큐빅,KR7021650007,KSQ
161390,한국타이어앤테크놀로지,KR7161390000,STK
053590,한국테크놀로지,KR7053590006,KSQ
034830,한국토지신탁,KR7034830000,STK
007280,한국특강,KR7007280001,STK
032300,한국파마,KR7032300006,KSQ
168490,한국패러랠,KR7168490001,STK
037230,한국팩키지,KR7037230000,KSQ
010100,한국프랜지,KR7010100006,STK
047810,한국항공우주,KR7047810007,STK
123690,한국화장품,KR7123690000,STK
003350,한국화장품제조,KR7003350006,STK
030520,한글과컴퓨터,KR7030520001,KSQ
052600,한네트,KR7052600004,KSQ
011500,한농화성,KR7011500006,STK
002390,한독,KR7002390003,STK
256150,한독크린텍,KR7256150004,KSQ
092460,한라IMS,KR7092460005,KSQ
053690,한미글로벌,KR7053690004,STK
042700,한미반도체,KR7042700005,STK
008930,한미사이언스,KR7008930000,STK
128940,한미약품,KR7128940004,STK
047080,한빛소프트,KR7047080007,KSQ
009240,한샘,KR7009240003,STK
020000,한섬,KR7020000006,STK
003680,한성기업,KR7003680006,STK
105630,한세실업,KR7105630008,STK
069640,한세엠케이,KR7069640001,STK
016450,한세예스24홀딩스,KR7016450009,STK
010420,한솔PNS,KR7010420008,STK
009180,한솔로지스틱스,KR7009180001,STK
114810,한솔아이원스,KR7114810005,KSQ
070590,한솔인티큐브,KR7070590005,KSQ
213500,한솔제지,KR7213500002,STK
014680,한솔케미칼,KR7014680003,STK
004710,한솔테크닉스,KR7004710000,STK
004150,한솔홀딩스,KR7004150009,STK
025750,한솔홈데코,KR7025750001,STK
226440,한송네오텍,KR7226440006,KSQ
042520,한스바이오메드,KR7042520007,KSQ
004960,한신공영,KR7004960001,STK
011700,한신기계,KR7011700002,STK
078350,한양디지텍,KR7078350006,KSQ
045100,한양이엔지,KR7045100005,KSQ
001750,한양증권,KR7001750009,STK
001755,한양증권우,KR7001751007,STK
018880,한온시스템,KR7018880005,STK
009420,한올바이오파마,KR7009420001,STK
014130,한익스프레스,KR7014130009,STK
024740,한일단조,KR7024740003,KSQ
005860,한일사료,KR7005860002,KSQ
300720,한일시멘트,KR7300720000,STK
123840,한일진공,KR7123840001,KSQ
002220,한일철강,KR7002220002,STK
006390,한일현대시멘트,KR7006390009,STK
003300,한일홀딩스,KR7003300001,STK
007770,한일화학,KR7007770001,KSQ
051600,한전KPS,KR7051600005,STK
052690,한전기술,KR7052690005,STK
130660,한전산업,KR7130660004,STK
107640,한중엔시에스,KR7107640005,KNX
002320,한진,KR7002320000,STK
003480,한진중공업홀딩스,KR7003480001,STK
180640,한진칼,KR7180640005,STK
18064K,한진칼우,KR718064K016,STK
005110,한창,KR7005110002,STK
079170,한창산업,KR7079170007,KSQ
009460,한창제지,KR7009460007,STK
372910,한컴라이프케어,KR7372910000,STK
054920,한컴위드,KR7054920004,KSQ
002680,한탑,KR7002680007,KSQ
000880,한화,KR7000880005,STK
00088K,한화3우B,KR700088K015,STK
088350,한화생명,KR7088350004,STK
000370,한화손해보험,KR7000370007,STK
009830,한화솔루션,KR7009830001,STK
009835,한화솔루션우,KR7009831009,STK
272210,한화시스템,KR7272210006,STK
012450,한화에어로스페이스,KR7012450003,STK
000885,한화우,KR7000881003,STK
003530,한화투자증권,KR7003530003,STK
003535,한화투자증권우,KR7003531001,STK
386580,한화플러스제2호스팩,KR7386580005,KSQ
430460,한화플러스제3호스팩,KR7430460006,KSQ
195870,해성디에스,KR7195870001,STK
034810,해성산업,KR7034810002,KSQ
03481K,해성산업1우,KR703481K019,KSQ
076610,해성옵틱스,KR7076610005,KSQ
059270,해성티피씨,KR7059270009,KSQ
101530,해태제과식품,KR7101530004,STK
220180,핸디소프트,KR7220180004,KSQ
143210,핸즈코퍼레이션,KR7143210003,STK
900270,헝셩그룹,HK0000214814,KSQ
214180,헥토이노베이션,KR7214180002,KSQ
234340,헥토파이낸셜,KR7234340008,KSQ
084990,헬릭스미스,KR7084990001,KSQ
000720,현대건설,KR7000720003,STK
267270,현대건설기계,KR7267270007,STK
000725,현대건설우,KR7000721001,STK
170030,현대공업,KR7170030001,KSQ
005440,현대그린푸드,KR7005440003,STK
086280,현대글로비스,KR7086280005,STK
042670,현대두산인프라코어,KR7042670000,STK
064350,현대로템,KR7064350002,STK
079430,현대리바트,KR7079430005,STK
012330,현대모비스,KR7012330007,STK
319400,현대무벡스,KR7319400008,KSQ
010620,현대미포조선,KR7010620003,STK
048410,현대바이오,KR7048410005,KSQ
052260,현대바이오랜드,KR7052260007,KSQ
069960,현대백화점,KR7069960003,STK
004560,현대비앤지스틸,KR7004560009,STK
004565,현대비앤지스틸우,KR7004561007,STK
004310,현대약품,KR7004310009,STK
322000,현대에너지솔루션,KR7322000001,STK
041440,현대에버다임,KR7041440009,KSQ
039010,현대에이치티,KR7039010004,KSQ
017800,현대엘리베이,KR7017800004,STK
307950,현대오토에버,KR7307950006,STK
011210,현대위아,KR7011210002,STK
090850,현대이지웰,KR7090850009,KSQ
267260,현대일렉트릭,KR7267260008,STK
004020,현대제철,KR7004020004,STK
329180,현대중공업,KR7329180004,STK
005380,현대차,KR7005380001,STK
005387,현대차2우B,KR7005382007,STK
005389,현대차3우B,KR7005383005,STK
005385,현대차우,KR7005381009,STK
001500,현대차증권,KR7001500008,STK
011760,현대코퍼레이션,KR7011760006,STK
227840,현대코퍼레이션홀딩스,KR7227840006,STK
126560,현대퓨처넷,KR7126560002,STK
001450,현대해상,KR7001450006,STK
057050,현대홈쇼핑,KR7057050007,STK
092300,현우산업,KR7092300003,KSQ
138360,협진,KR7138360003,KSQ
011080,형지I&C,KR7011080009,KSQ
093240,형지엘리트,KR7093240000,STK
003010,혜인,KR7003010006,STK
111110,호전실업,KR7111110003,STK
008770,호텔신라,KR7008770000,STK
008775,호텔신라우,KR7008771008,STK
060560,홈센타홀딩스,KR7060560000,KSQ
064240,홈캐스트,KR7064240005,KSQ
039610,화성밸브,KR7039610001,KSQ
002460,화성산업,KR7002460004,STK
378850,화승알앤에이,KR7378850002,STK
241590,화승엔터프라이즈,KR7241590009,STK
006060,화승인더,KR7006060008,STK
013520,화승코퍼레이션,KR7013520002,STK
010690,화신,KR7010690006,STK
126640,화신정공,KR7126640002,KSQ
133820,화인베스틸,KR7133820001,STK
061250,화일약품,KR7061250007,KSQ
010660,화천기계,KR7010660009,STK
000850,화천기공,KR7000850008,STK
016580,환인제약,KR7016580003,STK
032560,황금에스티,KR7032560005,STK
004800,효성,KR7004800009,STK
094280,효성ITX,KR7094280005,STK
097870,효성오앤비,KR7097870000,KSQ
298040,효성중공업,KR7298040007,STK
298050,효성첨단소재,KR7298050006,STK
298020,효성티앤씨,KR7298020009,STK
298000,효성화학,KR7298000001,STK
093370,후성,KR7093370005,STK
081660,휠라홀딩스,KR7081660003,STK
290270,휴네시온,KR7290270008,KSQ
005870,휴니드,KR7005870001,STK
353190,휴럼,KR7353190002,KSQ
192410,휴림네트웍스,KR7192410009,KSQ
090710,휴림로봇,KR7090710005,KSQ
205470,휴마시스,KR7205470008,KSQ
115160,휴맥스,KR7115160004,KSQ
028080,휴맥스홀딩스,KR7028080000,KSQ
032860,휴먼엔,KR7032860009,KSQ
200670,휴메딕스,KR7200670008,KSQ
212310,휴벡셀,KR7212310007,KNX
079980,휴비스,KR7079980009,STK
065510,휴비츠,KR7065510000,KSQ
215090,휴센텍,KR7215090002,KSQ
005010,휴스틸,KR7005010004,STK
263920,휴엠앤씨,KR7263920001,KSQ
243070,휴온스,KR7243070000,KSQ
084110,휴온스글로벌,KR7084110006,KSQ
145020,휴젤,KR7145020004,KSQ
024060,흥구석유,KR7024060006,KSQ
010240,흥국,KR7010240000,KSQ
189980,흥국에프엔비,KR7189980006,KSQ
000540,흥국화재,KR7000540005,STK
000547,흥국화재2우B,KR7000542001,STK
000545,흥국화재우,KR7000541003,STK
003280,흥아해운,KR7003280005,STK
037440,희림,KR7037440005,KSQ
238490,힘스,KR7238490007,KSQ
